subject,signal_length,signal_length_sec,window_size_sec,mode,mean_hr,std_hr,n_windows_valid,n_windows_total
1001,160,5.3,3,non_overlapping,81.93111236589498,0.0,1,1
1001,160,5.3,3,overlapping,81.93111236589498,0.0,2,2
1001,160,5.3,4,non_overlapping,82.6651609260305,0.0,1,1
1001,160,5.3,4,overlapping,82.6651609260305,0.0,1,1
1001,160,5.3,5,non_overlapping,83.88763410502541,0.0,1,1
1001,160,5.3,5,overlapping,83.88763410502541,0.0,1,1
1001,320,10.7,3,non_overlapping,92.38555875855648,9.599360639569518,3,3
1001,320,10.7,3,overlapping,89.29288388956581,8.322872135361973,6,6
1001,320,10.7,4,non_overlapping,87.75363309459419,5.088472168563705,2,2
1001,320,10.7,4,overlapping,91.10374751107017,6.493807905120374,4,4
1001,320,10.7,5,non_overlapping,87.08906653986746,3.2014324348420473,2,2
1001,320,10.7,5,overlapping,90.36872248379278,5.32400845018316,3,3
1001,480,16.0,3,non_overlapping,86.49915632295496,10.549619774682565,5,5
1001,480,16.0,3,overlapping,85.24259613313771,9.023020625523763,9,9
1001,480,16.0,4,non_overlapping,83.47367801915857,5.94784857144121,4,4
1001,480,16.0,4,overlapping,86.22169483562095,7.645697683665158,7,7
1001,480,16.0,5,non_overlapping,85.31105431563098,3.6270421414206333,3,3
1001,480,16.0,5,overlapping,86.2129321043999,6.646374401086752,5,5
1001,1920,64.0,3,non_overlapping,83.6652692651385,6.102583387686814,21,21
1001,1920,64.0,3,overlapping,83.9076852277723,6.135880229222984,41,41
1001,1920,64.0,4,non_overlapping,83.31113371992234,4.888265327573923,16,16
1001,1920,64.0,4,overlapping,84.73367699818206,5.781814612032017,31,31
1001,1920,64.0,5,non_overlapping,85.48158439577206,4.033833518105445,12,12
1001,1920,64.0,5,overlapping,84.74598305534683,4.410432966818429,24,24
1002,160,5.3,3,non_overlapping,92.36842105263159,0.0,1,1
1002,160,5.3,3,overlapping,99.08400809716599,6.715587044534409,2,2
1002,160,5.3,4,non_overlapping,91.89473684210527,0.0,1,1
1002,160,5.3,4,overlapping,91.89473684210527,0.0,1,1
1002,160,5.3,5,non_overlapping,93.45864661654136,0.0,1,1
1002,160,5.3,5,overlapping,93.45864661654136,0.0,1,1
1002,320,10.7,3,non_overlapping,97.06914344685242,3.7219651770962208,3,3
1002,320,10.7,3,overlapping,99.77206874652695,4.140028482754124,6,6
1002,320,10.7,4,non_overlapping,95.56037151702787,3.6656346749226003,2,2
1002,320,10.7,4,overlapping,96.999742002064,3.540733097130561,4,4
1002,320,10.7,5,non_overlapping,97.1937195931004,3.7350729765590387,2,2
1002,320,10.7,5,overlapping,97.43181483119564,3.068206660513867,3,3
1002,480,16.0,3,non_overlapping,95.99705145215981,4.149935765723972,5,5
1002,480,16.0,3,overlapping,97.25193136183847,5.592969439244291,9,9
1002,480,16.0,4,non_overlapping,95.10249889429457,4.1469136208669095,4,4
1002,480,16.0,4,overlapping,95.53577220361831,4.105355656100423,7,7
1002,480,16.0,5,non_overlapping,95.36951622754366,3.9944898628775554,3,3
1002,480,16.0,5,overlapping,96.56801668035635,3.4368580128421296,5,5
1002,1920,64.0,3,non_overlapping,98.2406748255089,8.067330072794046,21,21
1002,1920,64.0,3,overlapping,98.02981758689367,7.752496160493358,41,41
1002,1920,64.0,4,non_overlapping,97.32314263337955,7.121667558478107,16,16
1002,1920,64.0,4,overlapping,97.8487663947653,7.181277041629155,31,31
1002,1920,64.0,5,non_overlapping,97.59998852533177,5.305364901258058,12,12
1002,1920,64.0,5,overlapping,97.40289397258105,5.943752915700469,24,24
1003,160,5.3,3,non_overlapping,81.81818181818183,0.0,1,1
1003,160,5.3,3,overlapping,83.18181818181819,1.3636363636363598,2,2
1003,160,5.3,4,non_overlapping,83.86363636363637,0.0,1,1
1003,160,5.3,4,overlapping,83.86363636363637,0.0,1,1
1003,160,5.3,5,non_overlapping,83.18181818181819,0.0,1,1
1003,160,5.3,5,overlapping,83.18181818181819,0.0,1,1
1003,320,10.7,3,non_overlapping,79.64502164502166,4.026690808044436,3,3
1003,320,10.7,3,overlapping,79.06018779931823,4.857099685655851,6,6
1003,320,10.7,4,non_overlapping,80.80371259175607,3.0599237718802996,2,2
1003,320,10.7,4,overlapping,82.17296019198193,7.548468348381861,4,4
1003,320,10.7,5,non_overlapping,78.81699604743083,4.364822134387353,2,2
1003,320,10.7,5,overlapping,79.9119706380576,3.885750062917283,3,3
1003,480,16.0,3,non_overlapping,77.30585356672313,5.089812823975959,5,5
1003,480,16.0,3,overlapping,77.43948107716224,5.051336721136994,9,9
1003,480,16.0,4,non_overlapping,77.00089011230315,4.85498233869799,4,4
1003,480,16.0,4,overlapping,78.59331334641892,7.2461724801625715,7,7
1003,480,16.0,5,non_overlapping,77.77944664031621,3.8541059128717543,3,3
1003,480,16.0,5,overlapping,77.51471861471862,4.353719384242271,5,5
1003,1920,64.0,3,non_overlapping,74.47828264105209,6.756696190386634,21,21
1003,1920,64.0,3,overlapping,74.13125094950932,5.904131996927467,41,41
1003,1920,64.0,4,non_overlapping,73.62453073798181,3.8801133847626774,16,16
1003,1920,64.0,4,overlapping,74.16090938070354,5.867136400966089,31,31
1003,1920,64.0,5,non_overlapping,74.72962514183742,5.373090509612718,12,12
1003,1920,64.0,5,overlapping,74.2480053123915,4.9067762715776855,24,24
1004,160,5.3,3,non_overlapping,85.71428571428572,0.0,1,1
1004,160,5.3,3,overlapping,84.41558441558442,1.2987012987013031,2,2
1004,160,5.3,4,non_overlapping,84.15584415584416,0.0,1,1
1004,160,5.3,4,overlapping,84.15584415584416,0.0,1,1
1004,160,5.3,5,non_overlapping,83.76623376623377,0.0,1,1
1004,160,5.3,5,overlapping,83.76623376623377,0.0,1,1
1004,320,10.7,3,non_overlapping,84.57742257742258,10.965340413345519,3,3
1004,320,10.7,3,overlapping,84.0238167629472,9.853329283722532,6,6
1004,320,10.7,4,non_overlapping,80.1863136863137,3.9695304695304685,2,2
1004,320,10.7,4,overlapping,78.83867219736786,4.365414301110644,4,4
1004,320,10.7,5,non_overlapping,79.21409894453373,4.552134821700044,2,2
1004,320,10.7,5,overlapping,79.42758111453765,3.7290441443407296,3,3
1004,480,16.0,3,non_overlapping,82.28305028305029,9.455974189188371,5,5
1004,480,16.0,3,overlapping,82.12206794815489,8.794878748707527,9,9
1004,480,16.0,4,non_overlapping,79.05002063154237,4.348590983475172,4,4
1004,480,16.0,4,overlapping,78.84939718666428,4.150818805476057,7,7
1004,480,16.0,5,non_overlapping,79.41040939736592,3.727156629980163,3,3
1004,480,16.0,5,overlapping,79.49414874980093,2.8926780751580843,5,5
1004,1920,64.0,3,non_overlapping,76.10604619770835,6.5465955396732465,21,21
1004,1920,64.0,3,overlapping,76.61897729224395,6.7514717077157815,41,41
1004,1920,64.0,4,non_overlapping,75.14954097834533,3.295473702887216,16,16
1004,1920,64.0,4,overlapping,75.28095406789772,3.6793628098028117,31,31
1004,1920,64.0,5,non_overlapping,76.02286487752576,4.208493317723036,12,12
1004,1920,64.0,5,overlapping,75.80651175704973,3.99453737923845,24,24
1005,160,5.3,3,non_overlapping,90.0,0.0,1,1
1005,160,5.3,3,overlapping,88.04347826086956,1.9565217391304373,2,2
1005,160,5.3,4,non_overlapping,87.65217391304347,0.0,1,1
1005,160,5.3,4,overlapping,87.65217391304347,0.0,1,1
1005,160,5.3,5,non_overlapping,84.5819397993311,0.0,1,1
1005,160,5.3,5,overlapping,84.5819397993311,0.0,1,1
1005,320,10.7,3,non_overlapping,79.44258639910812,7.628563049805797,3,3
1005,320,10.7,3,overlapping,79.11092530657747,6.54723325558555,6,6
1005,320,10.7,4,non_overlapping,80.90802675585283,6.744147157190632,2,2
1005,320,10.7,4,overlapping,78.57796822742475,5.31644096190203,4,4
1005,320,10.7,5,non_overlapping,80.44314381270902,4.138795986622071,2,2
1005,320,10.7,5,overlapping,78.2943143812709,4.544743190040046,3,3
1005,480,16.0,3,non_overlapping,76.50211872085934,7.276484235617106,5,5
1005,480,16.0,3,overlapping,77.87066265402098,6.4590934928737775,9,9
1005,480,16.0,4,non_overlapping,76.81049310509579,6.448133262164755,4,4
1005,480,16.0,4,overlapping,76.32126028822323,4.941561698236839,7,7
1005,480,16.0,5,non_overlapping,78.11375521030693,4.719306870143915,3,3
1005,480,16.0,5,overlapping,76.41121241577014,4.209376365831052,5,5
1005,1920,64.0,3,non_overlapping,75.04367109057621,5.942897583703834,21,21
1005,1920,64.0,3,overlapping,75.57369401765496,7.234714437675621,41,41
1005,1920,64.0,4,non_overlapping,75.70250075386882,6.309504415765141,16,16
1005,1920,64.0,4,overlapping,75.29185186230214,6.331814950571791,31,31
1005,1920,64.0,5,non_overlapping,75.93360646100525,5.390316564223552,12,12
1005,1920,64.0,5,overlapping,75.29588835181976,5.654026527773608,24,24
1006,160,5.3,3,non_overlapping,79.44664031620555,0.0,1,1
1006,160,5.3,3,overlapping,78.90316205533597,0.543478260869577,2,2
1006,160,5.3,4,non_overlapping,78.33498023715416,0.0,1,1
1006,160,5.3,4,overlapping,78.33498023715416,0.0,1,1
1006,160,5.3,5,non_overlapping,78.3201581027668,0.0,1,1
1006,160,5.3,5,overlapping,78.3201581027668,0.0,1,1
1006,320,10.7,3,non_overlapping,77.96442687747036,1.3997713676466312,3,3
1006,320,10.7,3,overlapping,78.05500658761528,1.2885114900059524,6,6
1006,320,10.7,4,non_overlapping,78.33498023715416,1.0048591735576161e-14,2,2
1006,320,10.7,4,overlapping,77.70503952569169,0.7040513833992119,4,4
1006,320,10.7,5,non_overlapping,77.63833992094861,0.681818181818187,2,2
1006,320,10.7,5,overlapping,77.68115942028986,0.5599860484151139,3,3
1006,480,16.0,3,non_overlapping,80.77978543195935,5.0411753781128175,5,5
1006,480,16.0,3,overlapping,79.7535918188092,4.0030285829856735,9,9
1006,480,16.0,4,non_overlapping,78.72988424618859,0.3953125275975785,4,4
1006,480,16.0,4,overlapping,78.58332661127692,1.2851877423821105,7,7
1006,480,16.0,5,non_overlapping,78.65518539431582,1.5420333293371726,3,3
1006,480,16.0,5,overlapping,78.56634669678147,1.271273225385638,5,5
1006,1920,64.0,3,non_overlapping,79.51871420504963,4.742074229020412,21,21
1006,1920,64.0,3,overlapping,78.5446054475747,3.8781749422133336,41,41
1006,1920,64.0,4,non_overlapping,78.42511550949051,2.9413941287113468,16,16
1006,1920,64.0,4,overlapping,78.29218040024493,2.891914500649925,31,31
1006,1920,64.0,5,non_overlapping,77.6791849454893,2.128296486164963,12,12
1006,1920,64.0,5,overlapping,77.77612170438256,1.7894700216642345,24,24
101,160,5.3,3,non_overlapping,76.63043478260869,0.0,1,1
101,160,5.3,3,overlapping,76.63043478260869,0.0,2,2
101,160,5.3,4,non_overlapping,76.63043478260869,0.0,1,1
101,160,5.3,4,overlapping,76.63043478260869,0.0,1,1
101,160,5.3,5,non_overlapping,74.63768115942028,0.0,1,1
101,160,5.3,5,overlapping,74.63768115942028,0.0,1,1
101,320,10.7,3,non_overlapping,67.68907213060136,6.391773517433574,3,3
101,320,10.7,3,overlapping,67.67538849622807,6.366875268826053,6,6
101,320,10.7,4,non_overlapping,69.71915827800385,6.911276504604839,2,2
101,320,10.7,4,overlapping,68.00160187763261,5.976313327184974,4,4
101,320,10.7,5,non_overlapping,68.63041693438994,6.00726422503034,2,2
101,320,10.7,5,overlapping,68.08872349539516,4.964374335528387,3,3
101,480,16.0,3,non_overlapping,70.01344327836082,5.78937933354725,5,5
101,480,16.0,3,overlapping,69.00011654734294,5.772110838403927,9,9
101,480,16.0,4,non_overlapping,70.30122370133614,4.923455968354274,4,4
101,480,16.0,4,overlapping,69.59655945182824,4.9413074777395245,7,7
101,480,16.0,5,non_overlapping,70.12772606370807,5.34247304504494,3,3
101,480,16.0,5,overlapping,69.41448457090137,4.313438949678861,5,5
101,1920,64.0,3,non_overlapping,67.9413558566482,4.168535482304611,21,21
101,1920,64.0,3,overlapping,67.994211287589,4.22596972747424,41,41
101,1920,64.0,4,non_overlapping,68.01858038575618,3.590453726876872,16,16
101,1920,64.0,4,overlapping,67.7543316643162,3.448842038291475,31,31
101,1920,64.0,5,non_overlapping,67.93237422455938,3.6796801577040044,12,12
101,1920,64.0,5,overlapping,67.79453096670113,3.197285391790587,24,24
102,160,5.3,3,non_overlapping,122.5197628458498,0.0,1,1
102,160,5.3,3,overlapping,101.80335968379447,20.716403162055336,2,2
102,160,5.3,4,non_overlapping,116.01581027667984,0.0,1,1
102,160,5.3,4,overlapping,116.01581027667984,0.0,1,1
102,160,5.3,5,non_overlapping,109.1798418972332,0.0,1,1
102,160,5.3,5,overlapping,109.1798418972332,0.0,1,1
102,320,10.7,3,non_overlapping,108.29625688321339,25.77783010644672,3,3
102,320,10.7,3,overlapping,98.25824085334955,25.202180395087073,6,6
102,320,10.7,4,non_overlapping,93.43153947501773,22.584270801662107,2,2
102,320,10.7,4,overlapping,95.34505485456572,21.03934359148712,4,4
102,320,10.7,5,non_overlapping,104.72811307050438,4.451728826728825,2,2
102,320,10.7,5,overlapping,94.4939557222166,14.922730300568706,3,3
102,480,16.0,3,non_overlapping,96.16397660310703,24.955976971348743,5,5
102,480,16.0,3,overlapping,91.65857753357754,22.63952901365909,9,9
102,480,16.0,4,non_overlapping,84.96727638303724,18.188344945655874,4,4
102,480,16.0,4,overlapping,87.74244104756526,18.259888130874916,7,7
102,480,16.0,5,non_overlapping,95.98842019494192,12.883182428375356,3,3
102,480,16.0,5,overlapping,92.63513281059866,13.79182459743401,5,5
102,1920,64.0,3,non_overlapping,81.66983005492322,18.72414412039154,21,21
102,1920,64.0,3,overlapping,79.66837411734018,16.13771549808774,41,41
102,1920,64.0,4,non_overlapping,78.64058737156563,13.426189998294323,16,16
102,1920,64.0,4,overlapping,78.3998213373038,12.669579175528126,31,31
102,1920,64.0,5,non_overlapping,80.89095877954573,12.881523218916398,12,12
102,1920,64.0,5,overlapping,79.25144978238922,11.780041619912085,24,24
103,160,5.3,3,non_overlapping,78.57142857142857,0.0,1,1
103,160,5.3,3,overlapping,99.51475155279502,20.943322981366457,2,2
103,160,5.3,4,non_overlapping,102.79503105590061,0.0,1,1
103,160,5.3,4,overlapping,102.79503105590061,0.0,1,1
103,160,5.3,5,non_overlapping,107.0910973084886,0.0,1,1
103,160,5.3,5,overlapping,107.0910973084886,0.0,1,1
103,320,10.7,3,non_overlapping,98.40485601355165,18.47534714961678,3,3
103,320,10.7,3,overlapping,102.91560794278185,19.596513411318824,6,6
103,320,10.7,4,non_overlapping,108.44438170525126,5.649350649350652,2,2
103,320,10.7,4,overlapping,103.74800018821759,8.623462787243593,4,4
103,320,10.7,5,non_overlapping,106.00582130085235,1.08527600763626,2,2
103,320,10.7,5,overlapping,111.39142086347054,7.667762470646001,3,3
103,480,16.0,3,non_overlapping,98.94658186969399,20.637065702591666,5,5
103,480,16.0,3,overlapping,100.21673556971038,20.23448308309813,9,9
103,480,16.0,4,non_overlapping,100.1002314333264,14.066886416959644,4,4
103,480,16.0,4,overlapping,100.55247739620083,11.74355384997548,7,7
103,480,16.0,5,non_overlapping,104.10476383882725,2.8307693223474004,3,3
103,480,16.0,5,overlapping,107.29447786603718,7.793633853473185,5,5
103,1920,64.0,3,non_overlapping,87.54194647833475,18.964030111681147,21,21
103,1920,64.0,3,overlapping,85.94373116927034,17.1927089325665,41,41
103,1920,64.0,4,non_overlapping,87.88652248865012,14.612886044759037,16,16
103,1920,64.0,4,overlapping,86.31637126018124,13.734114259142803,31,31
103,1920,64.0,5,non_overlapping,88.33470762065313,12.902122491810891,12,12
103,1920,64.0,5,overlapping,87.86491159288761,14.061523955788166,24,24
104,160,5.3,3,non_overlapping,75.08695652173913,0.0,1,1
104,160,5.3,3,overlapping,76.81620553359684,1.7292490118577106,2,2
104,160,5.3,4,non_overlapping,76.7697628458498,0.0,1,1
104,160,5.3,4,overlapping,76.7697628458498,0.0,1,1
104,160,5.3,5,non_overlapping,77.7794466403162,0.0,1,1
104,160,5.3,5,overlapping,77.7794466403162,0.0,1,1
104,320,10.7,3,non_overlapping,83.2620857403466,9.224547579305854,3,3
104,320,10.7,3,overlapping,81.79475415888459,8.55071477824616,6,6
104,320,10.7,4,non_overlapping,77.70143986448335,0.9316770186335432,2,2
104,320,10.7,4,overlapping,79.95806258958433,3.856666640197649,4,4
104,320,10.7,5,non_overlapping,76.55181123224601,1.227635408070185,2,2
104,320,10.7,5,overlapping,77.5994758864324,1.7888343277196195,3,3
104,480,16.0,3,non_overlapping,78.7803283672849,9.010323074849362,5,5
104,480,16.0,3,overlapping,78.44009251617948,8.445273849742186,9,9
104,480,16.0,4,non_overlapping,75.06706608608783,2.7247528922127295,4,4
104,480,16.0,4,overlapping,76.53922257866358,4.928266056974089,7,7
104,480,16.0,5,non_overlapping,74.84992543688196,2.607212365283844,3,3
104,480,16.0,5,overlapping,75.26737783955176,3.181152366816726,5,5
104,1920,64.0,3,non_overlapping,77.19137384354775,8.438694668107646,21,21
104,1920,64.0,3,overlapping,77.0178973700978,9.148160401008392,41,41
104,1920,64.0,4,non_overlapping,77.0774620533452,9.993065566059276,16,16
104,1920,64.0,4,overlapping,76.74216135664243,8.680980052838272,31,31
104,1920,64.0,5,non_overlapping,76.77386822115082,7.5019535807157745,12,12
104,1920,64.0,5,overlapping,76.86646699066776,7.456070739361062,24,24
105,160,5.3,3,non_overlapping,118.81993006993007,0.0,1,1
105,160,5.3,3,overlapping,111.7024551535421,7.1174749163879625,2,2
105,160,5.3,4,non_overlapping,110.70811796898754,0.0,1,1
105,160,5.3,4,overlapping,110.70811796898754,0.0,1,1
105,160,5.3,5,non_overlapping,105.30024323502585,0.0,1,1
105,160,5.3,5,overlapping,105.30024323502585,0.0,1,1
105,320,10.7,3,non_overlapping,89.13562886388974,20.9999668463019,3,3
105,320,10.7,3,overlapping,86.03710600993209,18.708699659181732,6,6
105,320,10.7,4,non_overlapping,92.47905898449378,18.22905898449377,2,2
105,320,10.7,4,overlapping,85.86341864657082,15.35013274170641,4,4
105,320,10.7,5,non_overlapping,89.05396777135908,16.24627546366677,2,2
105,320,10.7,5,overlapping,84.56496402148576,14.70589293311746,3,3
105,480,16.0,3,non_overlapping,84.21255140740267,17.439985350933522,5,5
105,480,16.0,3,overlapping,83.28159743892009,15.839786285091593,9,9
105,480,16.0,4,non_overlapping,83.876928277672,15.547376037006071,4,4
105,480,16.0,4,overlapping,81.78502465171312,12.597902708054407,7,7
105,480,16.0,5,non_overlapping,85.10048593664155,14.395173318249546,3,3
105,480,16.0,5,overlapping,81.2748488582356,12.094911333248238,5,5
105,1920,64.0,3,non_overlapping,73.31440188460456,10.712164144259418,21,21
105,1920,64.0,3,overlapping,74.04316786915304,11.476828068348262,41,41
105,1920,64.0,4,non_overlapping,75.66113091368257,13.873839172398467,16,16
105,1920,64.0,4,overlapping,74.87032696202124,11.934061708732514,31,31
105,1920,64.0,5,non_overlapping,75.99698099719637,12.459951156285827,12,12
105,1920,64.0,5,overlapping,74.58969249025954,10.626907347784332,24,24
106,160,5.3,3,non_overlapping,67.94871794871796,0.0,1,1
106,160,5.3,3,overlapping,68.58974358974359,0.6410256410256352,2,2
106,160,5.3,4,non_overlapping,68.58974358974359,0.0,1,1
106,160,5.3,4,overlapping,68.58974358974359,0.0,1,1
106,160,5.3,5,non_overlapping,68.71794871794872,0.0,1,1
106,160,5.3,5,overlapping,68.71794871794872,0.0,1,1
106,320,10.7,3,non_overlapping,70.4059829059829,1.7813388889458353,3,3
106,320,10.7,3,overlapping,70.39957264957265,2.2306761040914447,6,6
106,320,10.7,4,non_overlapping,71.2948717948718,2.7051282051282044,2,2
106,320,10.7,4,overlapping,70.82371794871794,1.9829799504513843,4,4
106,320,10.7,5,non_overlapping,73.07799145299145,4.3600427350427395,2,2
106,320,10.7,5,overlapping,72.7494301994302,3.5901559987855873,3,3
106,480,16.0,3,non_overlapping,71.0102564102564,1.7091123686748584,5,5
106,480,16.0,3,overlapping,71.13675213675214,2.233035820050465,9,9
106,480,16.0,4,non_overlapping,71.1826923076923,2.2542808461823953,4,4
106,480,16.0,4,overlapping,71.34798534798534,2.0583204405858626,7,7
106,480,16.0,5,non_overlapping,73.31866096866098,3.5761933298519875,3,3
106,480,16.0,5,overlapping,72.51222222222222,2.9830334212240532,5,5
106,1920,64.0,3,non_overlapping,71.41607070178497,9.006352231533059,21,21
106,1920,64.0,3,overlapping,72.4663296212794,11.174750814405046,41,41
106,1920,64.0,4,non_overlapping,72.73498774509804,8.775694423468194,16,16
106,1920,64.0,4,overlapping,72.6844128883977,8.816907245373766,31,31
106,1920,64.0,5,non_overlapping,73.2811914936915,7.473621535157134,12,12
106,1920,64.0,5,overlapping,73.34570509827863,8.554560928860974,24,24
201,160,5.3,3,non_overlapping,81.81818181818183,0.0,1,1
201,160,5.3,3,overlapping,82.46753246753246,0.6493506493506445,2,2
201,160,5.3,4,non_overlapping,82.7922077922078,0.0,1,1
201,160,5.3,4,overlapping,82.7922077922078,0.0,1,1
201,160,5.3,5,non_overlapping,82.5974025974026,0.0,1,1
201,160,5.3,5,overlapping,82.5974025974026,0.0,1,1
201,320,10.7,3,non_overlapping,79.87483530961792,1.9702366836282277,3,3
201,320,10.7,3,overlapping,79.37191793713534,2.752085176928541,6,6
201,320,10.7,4,non_overlapping,80.56359401468097,2.2286137775268244,2,2
201,320,10.7,4,overlapping,79.72339073969508,2.7744482447721213,4,4
201,320,10.7,5,non_overlapping,79.47696216826651,3.1204404291360888,2,2
201,320,10.7,5,overlapping,79.69977413890457,2.5672402815170816,3,3
201,480,16.0,3,non_overlapping,78.45823451910408,6.535825428437712,5,5
201,480,16.0,3,overlapping,77.2951573386356,6.421207346657301,9,9
201,480,16.0,4,non_overlapping,77.30344323550845,5.863420095499874,4,4
201,480,16.0,4,overlapping,77.43227648817711,4.86274224558139,7,7
201,480,16.0,5,non_overlapping,77.44129590216546,3.8443863760564243,3,3
201,480,16.0,5,overlapping,78.1535227091749,3.157475475604671,5,5
201,1920,64.0,3,non_overlapping,72.20087412012879,5.552475055700384,21,21
201,1920,64.0,3,overlapping,71.56994943315196,5.139776020826914,41,41
201,1920,64.0,4,non_overlapping,71.86733842847973,4.981798409933056,16,16
201,1920,64.0,4,overlapping,71.55783070755021,4.704289033116916,31,31
201,1920,64.0,5,non_overlapping,71.72231198752938,4.571238599707256,12,12
201,1920,64.0,5,overlapping,71.68022038348126,4.400891461767826,24,24
202,160,5.3,3,non_overlapping,80.63241106719369,0.0,1,1
202,160,5.3,3,overlapping,81.28176171654434,0.6493506493506445,2,2
202,160,5.3,4,non_overlapping,80.92885375494072,0.0,1,1
202,160,5.3,4,overlapping,80.92885375494072,0.0,1,1
202,160,5.3,5,non_overlapping,81.8746470920384,0.0,1,1
202,160,5.3,5,overlapping,81.8746470920384,0.0,1,1
202,320,10.7,3,non_overlapping,82.32636928289104,1.1986962791711355,3,3
202,320,10.7,3,overlapping,82.78091473743649,2.209646527530719,6,6
202,320,10.7,4,non_overlapping,81.40739695087521,0.478543195934499,2,2
202,320,10.7,4,overlapping,82.67193675889328,1.5389081309911807,4,4
202,320,10.7,5,non_overlapping,83.20581592320724,1.3311688311688314,2,2
202,320,10.7,5,overlapping,82.7620929794843,1.2550380098982048,3,3
202,480,16.0,3,non_overlapping,79.54746992138297,6.494102623198061,5,5
202,480,16.0,3,overlapping,79.48804979239762,6.748784833815707,9,9
202,480,16.0,4,non_overlapping,78.64921129595044,6.6458207874905035,4,4
202,480,16.0,4,overlapping,78.82413480239568,6.786607951580265,7,7
202,480,16.0,5,non_overlapping,78.15247313073401,7.228685016045393,3,3
202,480,16.0,5,overlapping,79.60292123335603,5.874667846780585,5,5
202,1920,64.0,3,non_overlapping,78.66006888211858,5.374419795952663,21,21
202,1920,64.0,3,overlapping,78.51430992125584,5.240821931166527,41,41
202,1920,64.0,4,non_overlapping,79.04418927992297,4.7817947326773,16,16
202,1920,64.0,4,overlapping,78.71571166872711,4.98239260229737,31,31
202,1920,64.0,5,non_overlapping,78.46249764728026,4.828369058555937,12,12
202,1920,64.0,5,overlapping,78.38730420143465,4.705481258152947,24,24
203,160,5.3,3,non_overlapping,73.0,0.0,1,1
203,160,5.3,3,overlapping,73.25,0.25,2,2
203,160,5.3,4,non_overlapping,72.75,0.0,1,1
203,160,5.3,4,overlapping,72.75,0.0,1,1
203,160,5.3,5,non_overlapping,73.2,0.0,1,1
203,160,5.3,5,overlapping,73.2,0.0,1,1
203,320,10.7,3,non_overlapping,76.643704121965,3.826879882574843,3,3
203,320,10.7,3,overlapping,75.5202647593952,4.348876422180768,6,6
203,320,10.7,4,non_overlapping,76.06655844155844,3.316558441558442,2,2
203,320,10.7,4,overlapping,76.39536278938454,3.0526112662792086,4,4
203,320,10.7,5,non_overlapping,75.8793337097685,2.6793337097684926,2,2
203,320,10.7,5,overlapping,76.10050818746471,2.20991456502348,3,3
203,480,16.0,3,non_overlapping,77.67572186267839,6.579502104577688,5,5
203,480,16.0,3,overlapping,77.2469924064127,6.189193514504716,9,9
203,480,16.0,4,non_overlapping,76.40885156510157,5.788836039202506,4,4
203,480,16.0,4,overlapping,77.01883106541491,4.776773388394807,7,7
203,480,16.0,5,non_overlapping,76.73237631933284,2.4982492815968613,3,3
203,480,16.0,5,overlapping,77.59246608464,2.6540801262729823,5,5
203,1920,64.0,3,non_overlapping,72.60017362598215,6.035959416860566,21,21
203,1920,64.0,3,overlapping,73.23895123314621,6.191420966886854,41,41
203,1920,64.0,4,non_overlapping,73.58141346669738,5.464656318527911,16,16
203,1920,64.0,4,overlapping,73.449264292907,5.200302466997288,31,31
203,1920,64.0,5,non_overlapping,74.09386932823965,3.002374035667853,12,12
203,1920,64.0,5,overlapping,73.69121421640163,4.276462547956931,24,24
204,160,5.3,3,non_overlapping,84.41558441558442,0.0,1,1
204,160,5.3,3,overlapping,83.1733483907397,1.242236024844722,2,2
204,160,5.3,4,non_overlapping,83.76623376623377,0.0,1,1
204,160,5.3,4,overlapping,83.76623376623377,0.0,1,1
204,160,5.3,5,non_overlapping,81.93111236589498,0.0,1,1
204,160,5.3,5,overlapping,81.93111236589498,0.0,1,1
204,320,10.7,3,non_overlapping,79.6207415772633,3.390705870083189,3,3
204,320,10.7,3,overlapping,78.64671560323734,3.3658827972080063,6,6
204,320,10.7,4,non_overlapping,79.92659514398645,3.839638622247321,2,2
204,320,10.7,4,overlapping,81.23500141163184,5.111701808169204,4,4
204,320,10.7,5,non_overlapping,79.4734613212874,2.457651044607566,2,2
204,320,10.7,5,overlapping,78.90457368718238,2.161935564530621,3,3
204,480,16.0,3,non_overlapping,80.74387351778655,6.659538533986763,5,5
204,480,16.0,3,overlapping,78.85971516406299,5.82954986969601,9,9
204,480,16.0,4,non_overlapping,80.2490118577075,5.698939895491221,4,4
204,480,16.0,4,overlapping,81.85367427603452,5.79089040890982,7,7
204,480,16.0,5,non_overlapping,80.29183135704875,2.3164969534992146,3,3
204,480,16.0,5,overlapping,80.75131564088086,2.9891370907763504,5,5
204,1920,64.0,3,non_overlapping,73.48289518165295,6.203482996219841,21,21
204,1920,64.0,3,overlapping,73.41137912399842,6.061151592479696,41,41
204,1920,64.0,4,non_overlapping,74.19338866145931,6.980007497789058,16,16
204,1920,64.0,4,overlapping,74.36150093478282,6.756130257722111,31,31
204,1920,64.0,5,non_overlapping,74.38297226123312,5.358147511578306,12,12
204,1920,64.0,5,overlapping,74.05781587575065,5.700458778986583,24,24
205,160,5.3,3,non_overlapping,81.25,0.0,1,1
205,160,5.3,3,overlapping,78.66847826086956,2.5815217391304373,2,2
205,160,5.3,4,non_overlapping,79.6875,0.0,1,1
205,160,5.3,4,overlapping,79.6875,0.0,1,1
205,160,5.3,5,non_overlapping,79.40217391304347,0.0,1,1
205,160,5.3,5,overlapping,79.40217391304347,0.0,1,1
205,320,10.7,3,non_overlapping,76.12681159420289,3.8414580619873995,3,3
205,320,10.7,3,overlapping,74.84071906354515,3.335398470866124,6,6
205,320,10.7,4,non_overlapping,76.21875,3.46875,2,2
205,320,10.7,4,overlapping,74.65034489966555,3.2382176993792458,4,4
205,320,10.7,5,non_overlapping,75.72416387959865,3.6780100334448136,2,2
205,320,10.7,5,overlapping,75.30016722408027,3.0623604510021423,3,3
205,480,16.0,3,non_overlapping,78.23063241106719,6.108724922342642,5,5
205,480,16.0,3,overlapping,76.68630282760718,5.199192853459789,9,9
205,480,16.0,4,non_overlapping,77.64368444055944,4.433519527630405,4,4
205,480,16.0,4,overlapping,77.23634680536854,4.87649887472225,7,7
205,480,16.0,5,non_overlapping,77.95938988547682,4.360157772235857,3,3
205,480,16.0,5,overlapping,77.85972940103375,3.9582165419680013,5,5
205,1920,64.0,3,non_overlapping,76.10059385059384,5.906781609475924,21,21
205,1920,64.0,3,overlapping,75.29870166322121,5.832474726627498,41,41
205,1920,64.0,4,non_overlapping,75.57325022830041,4.424375901902593,16,16
205,1920,64.0,4,overlapping,75.48615375366212,4.938257153344526,31,31
205,1920,64.0,5,non_overlapping,75.30628413000433,4.201516878027149,12,12
205,1920,64.0,5,overlapping,75.25019073668267,4.111789878285313,24,24
206,160,5.3,3,non_overlapping,74.0,0.0,1,1
206,160,5.3,3,overlapping,71.66666666666667,2.3333333333333286,2,2
206,160,5.3,4,non_overlapping,72.16666666666667,0.0,1,1
206,160,5.3,4,overlapping,72.16666666666667,0.0,1,1
206,160,5.3,5,non_overlapping,72.13333333333334,0.0,1,1
206,160,5.3,5,overlapping,72.13333333333334,0.0,1,1
206,320,10.7,3,non_overlapping,71.47008547008546,1.9253358053410334,3,3
206,320,10.7,3,overlapping,70.6980056980057,1.8949553012418499,6,6
206,320,10.7,4,non_overlapping,70.30555555555556,1.8611111111111143,2,2
206,320,10.7,4,overlapping,70.09081196581198,1.6741432537527239,4,4
206,320,10.7,5,non_overlapping,71.25641025641026,0.8769230769230774,2,2
206,320,10.7,5,overlapping,70.43760683760684,1.3614480523258385,3,3
206,480,16.0,3,non_overlapping,80.33076923076922,16.79125895766307,5,5
206,480,16.0,3,overlapping,75.94539411206078,13.484164614186524,9,9
206,480,16.0,4,non_overlapping,79.16720085470085,14.035034541755296,4,4
206,480,16.0,4,overlapping,80.06837606837608,15.016799665700578,7,7
206,480,16.0,5,non_overlapping,80.05299145299146,12.460832404698541,3,3
206,480,16.0,5,overlapping,81.20102564102565,13.225917774815976,5,5
206,1920,64.0,3,non_overlapping,72.48738813045945,10.033677725963463,21,21
206,1920,64.0,3,overlapping,71.17907043083478,7.635387194424906,41,41
206,1920,64.0,4,non_overlapping,72.1075585146987,8.626438274823046,16,16
206,1920,64.0,4,overlapping,71.96585914770371,8.878668527371575,31,31
206,1920,64.0,5,non_overlapping,72.41824277879375,7.94687751663154,12,12
206,1920,64.0,5,overlapping,72.20195475751136,8.121572492385518,24,24
301,160,5.3,3,non_overlapping,57.15725806451613,0.0,1,1
301,160,5.3,3,overlapping,56.73112170087976,0.42613636363636687,2,2
301,160,5.3,4,non_overlapping,57.45967741935484,0.0,1,1
301,160,5.3,4,overlapping,57.45967741935484,0.0,1,1
301,160,5.3,5,non_overlapping,56.73112170087976,0.0,1,1
301,160,5.3,5,overlapping,56.73112170087976,0.0,1,1
301,320,10.7,3,non_overlapping,54.36181584070578,1.9767647249239997,3,3
301,320,10.7,3,overlapping,53.85562472789703,2.3582941383914555,6,6
301,320,10.7,4,non_overlapping,54.45813002620403,3.001547393150812,2,2
301,320,10.7,4,overlapping,54.33477239869555,2.151608454393564,4,4
301,320,10.7,5,non_overlapping,54.61333268644701,2.117789014432752,2,2
301,320,10.7,5,overlapping,53.73933578807867,2.1255026142420204,3,3
301,480,16.0,3,non_overlapping,57.72260898494295,6.8046621789556,5,5
301,480,16.0,3,overlapping,56.00656367141187,5.65589202197162,9,9
301,480,16.0,4,non_overlapping,57.10755049820515,5.010391595160237,4,4
301,480,16.0,4,overlapping,57.47946832692021,5.170645019090114,7,7
301,480,16.0,5,non_overlapping,57.330154691397574,4.213343543980468,3,3
301,480,16.0,5,overlapping,57.268907049623365,4.627477977176931,5,5
301,1920,64.0,3,non_overlapping,54.31809820702475,4.237055697869133,21,21
301,1920,64.0,3,overlapping,53.57760690740165,3.584468722793328,41,41
301,1920,64.0,4,non_overlapping,53.91700416420233,3.64186120732843,16,16
301,1920,64.0,4,overlapping,53.9577653506542,3.5997394237757008,31,31
301,1920,64.0,5,non_overlapping,54.16322756811372,3.2126305079284605,12,12
301,1920,64.0,5,overlapping,54.00545297856137,3.1575148704651,24,24
302,160,5.3,3,non_overlapping,56.25,0.0,1,1
302,160,5.3,3,overlapping,56.703629032258064,0.45362903225806406,2,2
302,160,5.3,4,non_overlapping,57.15725806451613,0.0,1,1
302,160,5.3,4,overlapping,57.15725806451613,0.0,1,1
302,160,5.3,5,non_overlapping,56.854838709677416,0.0,1,1
302,160,5.3,5,overlapping,56.854838709677416,0.0,1,1
302,320,10.7,3,non_overlapping,55.965909090909086,0.40176521658326864,3,3
302,320,10.7,3,overlapping,56.2591642228739,0.5080981039453503,6,6
302,320,10.7,4,non_overlapping,56.703629032258064,0.45362903225806406,2,2
302,320,10.7,4,overlapping,56.33476906158358,0.5284894982246356,4,4
302,320,10.7,5,non_overlapping,56.339351173020525,0.5154875366568916,2,2
302,320,10.7,5,overlapping,56.30956744868035,0.4229961474649659,3,3
302,480,16.0,3,non_overlapping,57.496212121212125,2.1727174992384066,5,5
302,480,16.0,3,overlapping,57.352286303899206,1.7949772881288206,9,9
302,480,16.0,4,non_overlapping,57.80857974910394,1.2848334189471375,4,4
302,480,16.0,4,overlapping,57.82045687287622,1.9912643585268628,7,7
302,480,16.0,5,non_overlapping,57.64133268165526,1.8887729609332664,3,3
302,480,16.0,5,overlapping,57.696358748778096,1.7550017762105952,5,5
302,1920,64.0,3,non_overlapping,57.14125806725427,2.466749423170622,21,21
302,1920,64.0,3,overlapping,57.39730141886477,3.383638091317703,41,41
302,1920,64.0,4,non_overlapping,58.13534410202952,4.46924327100735,16,16
302,1920,64.0,4,overlapping,57.90967973572761,3.9612826235902237,31,31
302,1920,64.0,5,non_overlapping,58.248942281403906,3.9436788566856116,12,12
302,1920,64.0,5,overlapping,57.992743936431054,3.67072319369744,24,24
303,160,5.3,3,non_overlapping,62.14285714285714,0.0,1,1
303,160,5.3,3,overlapping,61.07142857142857,1.0714285714285694,2,2
303,160,5.3,4,non_overlapping,61.42857142857142,0.0,1,1
303,160,5.3,4,overlapping,61.42857142857142,0.0,1,1
303,160,5.3,5,non_overlapping,60.13392857142857,0.0,1,1
303,160,5.3,5,overlapping,60.13392857142857,0.0,1,1
303,320,10.7,3,non_overlapping,58.51670506912442,2.590690184138125,3,3
303,320,10.7,3,overlapping,57.87547130289065,2.4995677347915852,6,6
303,320,10.7,4,non_overlapping,58.857614160033506,2.5709572685379136,2,2
303,320,10.7,4,overlapping,58.168726434855465,1.9936873968164992,4,4
303,320,10.7,5,non_overlapping,58.20571062002513,1.928217951403436,2,2
303,320,10.7,5,overlapping,57.566026043848616,1.815785144982529,3,3
303,480,16.0,3,non_overlapping,55.98397262130659,3.725305793860585,5,5
303,480,16.0,3,overlapping,56.638619524055954,3.156841957679163,9,9
303,480,16.0,4,non_overlapping,56.35073714236427,3.1617656316903013,4,4
303,480,16.0,4,overlapping,56.92680371268742,2.5112056913946015,7,7
303,480,16.0,5,non_overlapping,57.602826687859896,1.7904248239088454,3,3
303,480,16.0,5,overlapping,56.91868176889524,1.639392913981247,5,5
303,1920,64.0,3,non_overlapping,57.81386179206235,5.6318761667408905,21,21
303,1920,64.0,3,overlapping,57.934183652521256,5.828226274232689,41,41
303,1920,64.0,4,non_overlapping,57.759786299935584,4.6518052030600625,16,16
303,1920,64.0,4,overlapping,57.748528882715235,4.353611693337909,31,31
303,1920,64.0,5,non_overlapping,57.73272123087276,3.5333923469052975,12,12
303,1920,64.0,5,overlapping,57.59458924604072,3.4596202692590023,24,24
304,160,5.3,3,non_overlapping,58.125,0.0,1,1
304,160,5.3,3,overlapping,57.69886363636363,0.42613636363636687,2,2
304,160,5.3,4,non_overlapping,56.93181818181818,0.0,1,1
304,160,5.3,4,overlapping,56.93181818181818,0.0,1,1
304,160,5.3,5,non_overlapping,56.93181818181818,0.0,1,1
304,160,5.3,5,overlapping,56.93181818181818,0.0,1,1
304,320,10.7,3,non_overlapping,57.55681818181818,2.2627622445158977,3,3
304,320,10.7,3,overlapping,56.94098240469208,1.7978794624219636,6,6
304,320,10.7,4,non_overlapping,56.618401759530784,0.31341642228739275,2,2
304,320,10.7,4,overlapping,56.26374633431084,1.0510221042553551,4,4
304,320,10.7,5,non_overlapping,56.647727272727266,0.2840909090909136,2,2
304,320,10.7,5,overlapping,56.240224828934494,0.6212258685960284,3,3
304,480,16.0,3,non_overlapping,63.23397778691897,13.00472697515772,5,5
304,480,16.0,3,overlapping,61.130842986867655,10.295598373122958,9,9
304,480,16.0,4,non_overlapping,62.32573732600416,10.3940573549404,4,4
304,480,16.0,4,overlapping,63.06970555535546,10.953259302575988,7,7
304,480,16.0,5,non_overlapping,62.946300252562104,8.910547023669748,3,3
304,480,16.0,5,overlapping,64.9156737901567,10.742566275153731,5,5
304,1920,64.0,3,non_overlapping,58.05683950774083,7.925791216503571,21,21
304,1920,64.0,3,overlapping,57.795153686328796,6.464968300055897,41,41
304,1920,64.0,4,non_overlapping,57.52410156834471,6.132044868516363,16,16
304,1920,64.0,4,overlapping,57.74324513392631,6.5178593010867445,31,31
304,1920,64.0,5,non_overlapping,58.20570124240685,6.004706526126066,12,12
304,1920,64.0,5,overlapping,58.19038302223877,6.446904428652349,24,24
305,160,5.3,3,non_overlapping,54.746543778801836,0.0,1,1
305,160,5.3,3,overlapping,55.525764558022615,0.779220779220779,2,2
305,160,5.3,4,non_overlapping,54.679514034352735,0.0,1,1
305,160,5.3,4,overlapping,54.679514034352735,0.0,1,1
305,160,5.3,5,non_overlapping,54.24492964341161,0.0,1,1
305,160,5.3,5,overlapping,54.24492964341161,0.0,1,1
305,320,10.7,3,non_overlapping,53.81034525247049,0.7385605456437029,3,3
305,320,10.7,3,overlapping,54.203775351782944,1.17095123561007,6,6
305,320,10.7,4,non_overlapping,53.81034525247048,0.869168781882248,2,2
305,320,10.7,4,overlapping,53.84367530003203,0.6227154762587883,4,4
305,320,10.7,5,non_overlapping,54.12781241528869,0.11711722812291825,2,2
305,320,10.7,5,overlapping,53.86595693996073,0.38246683080662003,3,3
305,480,16.0,3,non_overlapping,55.09163701573569,3.0697909845752185,5,5
305,480,16.0,3,overlapping,55.05553349244051,2.4685390880943037,9,9
305,480,16.0,4,non_overlapping,54.86691676444997,2.4374499788212884,4,4
305,480,16.0,4,overlapping,55.2422370933485,2.5634585034468254,7,7
305,480,16.0,5,non_overlapping,55.365468457854604,1.7529202081522763,3,3
305,480,16.0,5,overlapping,55.66889028902786,2.2532306095190715,5,5
305,1920,64.0,3,non_overlapping,56.01195192717285,2.5562151550410777,21,21
305,1920,64.0,3,overlapping,55.931040831709595,2.2582260048292135,41,41
305,1920,64.0,4,non_overlapping,56.33871635657985,2.2153489788827447,16,16
305,1920,64.0,4,overlapping,56.194469170114935,2.132058681737665,31,31
305,1920,64.0,5,non_overlapping,55.84065913332398,1.6065990248393611,12,12
305,1920,64.0,5,overlapping,56.031546677152704,1.6874054130748584,24,24
306,160,5.3,3,non_overlapping,61.17511520737327,0.0,1,1
306,160,5.3,3,overlapping,63.325652841781874,2.1505376344086073,2,2
306,160,5.3,4,non_overlapping,62.21198156682027,0.0,1,1
306,160,5.3,4,overlapping,62.21198156682027,0.0,1,1
306,160,5.3,5,non_overlapping,63.325652841781874,0.0,1,1
306,160,5.3,5,overlapping,63.325652841781874,0.0,1,1
306,320,10.7,3,non_overlapping,61.52506312128114,2.1922427667992737,3,3
306,320,10.7,3,overlapping,61.26532737593638,3.3553522053100426,6,6
306,320,10.7,4,non_overlapping,62.16510408390275,0.04687748291752314,2,2
306,320,10.7,4,overlapping,61.69387392517259,2.254664231697028,4,4
306,320,10.7,5,non_overlapping,61.487855222734254,1.8377976190476204,2,2
306,320,10.7,5,overlapping,63.859993246464335,3.675016235742382,3,3
306,480,16.0,3,non_overlapping,59.87770021043102,2.9272139401242843,5,5
306,480,16.0,3,overlapping,59.95139266760513,3.4438193304695237,9,9
306,480,16.0,4,non_overlapping,59.191318275717606,3.337726643916881,4,4
306,480,16.0,4,overlapping,59.820567253429154,3.1532524422370938,7,7
306,480,16.0,5,non_overlapping,60.42071056183959,2.12820632934639,3,3
306,480,16.0,5,overlapping,61.630564443898706,3.9444867572785505,5,5
306,1920,64.0,3,non_overlapping,58.34642274511853,3.7464412691075277,21,21
306,1920,64.0,3,overlapping,58.376860085529685,3.827092291568241,41,41
306,1920,64.0,4,non_overlapping,58.20020949716219,3.476858656274833,16,16
306,1920,64.0,4,overlapping,58.09615878254893,3.436896185784112,31,31
306,1920,64.0,5,non_overlapping,58.72093651353082,3.1889633179967207,12,12
306,1920,64.0,5,overlapping,58.66305763318068,3.633004965883001,24,24
401,160,5.3,3,non_overlapping,60.0,0.0,1,1
401,160,5.3,3,overlapping,57.29779411764706,2.702205882352942,2,2
401,160,5.3,4,non_overlapping,56.470588235294116,0.0,1,1
401,160,5.3,4,overlapping,56.470588235294116,0.0,1,1
401,160,5.3,5,non_overlapping,56.39705882352941,0.0,1,1
401,160,5.3,5,overlapping,56.39705882352941,0.0,1,1
401,320,10.7,3,non_overlapping,55.49386079628015,4.514250077036385,3,3
401,320,10.7,3,overlapping,54.24815588833616,3.543409138302904,6,6
401,320,10.7,4,non_overlapping,54.844350992358585,1.6262372429355345,2,2
401,320,10.7,4,overlapping,54.3439754389114,2.657605076651099,4,4
401,320,10.7,5,non_overlapping,53.76490461049285,2.632154213036568,2,2
401,320,10.7,5,overlapping,54.427235584730845,2.3443951258994016,3,3
401,480,16.0,3,non_overlapping,57.48039046829369,4.712799285600961,5,5
401,480,16.0,3,overlapping,56.780521099781055,4.973222109281725,9,9
401,480,16.0,4,non_overlapping,56.98733519416631,2.5228024795810646,4,4
401,480,16.0,4,overlapping,56.69932597233356,3.481567759069387,7,7
401,480,16.0,5,non_overlapping,56.15795505501388,4.009015431189481,3,3
401,480,16.0,5,overlapping,56.35697563116918,3.1669133685235025,5,5
401,1920,64.0,3,non_overlapping,60.11085144003838,6.040717680345645,21,21
401,1920,64.0,3,overlapping,60.737280222827685,7.012279667550243,41,41
401,1920,64.0,4,non_overlapping,60.180986537209805,5.063016052915957,16,16
401,1920,64.0,4,overlapping,60.644149097118785,5.377596642721151,31,31
401,1920,64.0,5,non_overlapping,60.09498140216299,5.300475692412022,12,12
401,1920,64.0,5,overlapping,60.57822882013036,5.283172672420558,24,24
402,160,5.3,3,non_overlapping,58.06451612903225,0.0,1,1
402,160,5.3,3,overlapping,57.61088709677419,0.4536290322580605,2,2
402,160,5.3,4,non_overlapping,57.15725806451613,0.0,1,1
402,160,5.3,4,overlapping,57.15725806451613,0.0,1,1
402,160,5.3,5,non_overlapping,57.45967741935484,0.0,1,1
402,160,5.3,5,overlapping,57.45967741935484,0.0,1,1
402,320,10.7,3,non_overlapping,63.06939334303072,5.720875530942113,3,3
402,320,10.7,3,overlapping,64.00255091126893,5.976739318336967,6,6
402,320,10.7,4,non_overlapping,61.74971656541456,4.592458500898431,2,2
402,320,10.7,4,overlapping,63.400404830153164,5.7308486407678805,4,4
402,320,10.7,5,non_overlapping,63.45981218447848,6.000134765123644,2,2
402,320,10.7,5,overlapping,63.259309489176,4.907288537954949,3,3
402,480,16.0,3,non_overlapping,65.63772880191122,5.702374847325436,5,5
402,480,16.0,3,overlapping,66.27730771645305,6.083823526083865,9,9
402,480,16.0,4,non_overlapping,65.42220892057516,4.919971539450127,4,4
402,480,16.0,4,overlapping,66.37124488282521,5.652188971480132,7,7
402,480,16.0,5,non_overlapping,66.16637051614805,6.217072795018313,3,3
402,480,16.0,5,overlapping,66.25214247006238,5.307110683348843,5,5
402,1920,64.0,3,non_overlapping,64.76620538787185,4.92101044902962,21,21
402,1920,64.0,3,overlapping,64.8281371581635,4.885284499969028,41,41
402,1920,64.0,4,non_overlapping,65.079553511052,4.68572018254817,16,16
402,1920,64.0,4,overlapping,65.02873318396911,4.795771121012937,31,31
402,1920,64.0,5,non_overlapping,64.98502683313562,4.395386234726149,12,12
402,1920,64.0,5,overlapping,64.99758361979386,3.9770948649779,24,24
403,160,5.3,3,non_overlapping,62.06896551724138,0.0,1,1
403,160,5.3,3,overlapping,63.17733990147783,1.1083743842364484,2,2
403,160,5.3,4,non_overlapping,62.80788177339901,0.0,1,1
403,160,5.3,4,overlapping,62.80788177339901,0.0,1,1
403,160,5.3,5,non_overlapping,63.17733990147783,0.0,1,1
403,160,5.3,5,overlapping,63.17733990147783,0.0,1,1
403,320,10.7,3,non_overlapping,65.899667382426,3.3141940442710727,3,3
403,320,10.7,3,overlapping,66.11527935665866,2.5888645557806695,6,6
403,320,10.7,4,non_overlapping,65.42683465959328,2.6189528861942684,2,2
403,320,10.7,4,overlapping,66.30377142015072,2.5310662983910097,4,4
403,320,10.7,5,non_overlapping,65.73006189213086,2.55272199065303,2,2
403,320,10.7,5,overlapping,65.85911330049261,2.0922639029791026,3,3
403,480,16.0,3,non_overlapping,66.28003031451308,3.0451567095063345,5,5
403,480,16.0,3,overlapping,66.73500530971795,2.729127959548308,9,9
403,480,16.0,4,non_overlapping,66.15719864426761,2.3452515702019783,4,4
403,480,16.0,4,overlapping,67.030347594387,2.510405259750995,7,7
403,480,16.0,5,non_overlapping,66.93115237253168,2.688772283390326,3,3
403,480,16.0,5,overlapping,66.84745737021599,2.120016355207488,5,5
403,1920,64.0,3,non_overlapping,68.66227487163448,3.5368552892291354,21,21
403,1920,64.0,3,overlapping,69.35093393176547,4.170879949527823,41,41
403,1920,64.0,4,non_overlapping,68.2640967176668,2.8519713530409474,16,16
403,1920,64.0,4,overlapping,69.03026973751693,2.95879255399243,31,31
403,1920,64.0,5,non_overlapping,69.3844039289879,2.5605931290068837,12,12
403,1920,64.0,5,overlapping,69.27098317828265,2.628795949871155,24,24
404,160,5.3,3,non_overlapping,66.72771672771673,0.0,1,1
404,160,5.3,3,overlapping,64.95252831459727,1.775188413119448,2,2
404,160,5.3,4,non_overlapping,65.5630289250979,0.0,1,1
404,160,5.3,4,overlapping,65.5630289250979,0.0,1,1
404,160,5.3,5,non_overlapping,64.45042314007831,0.0,1,1
404,160,5.3,5,overlapping,64.45042314007831,0.0,1,1
404,320,10.7,3,non_overlapping,62.60964676982474,3.164835242886915,3,3
404,320,10.7,3,overlapping,62.20264636282433,2.661356524042707,6,6
404,320,10.7,4,non_overlapping,62.80376140359456,2.7592675215033395,2,2
404,320,10.7,4,overlapping,62.11497461566983,2.2881750253334143,4,4
404,320,10.7,5,non_overlapping,63.27816723506379,1.1722559050145271,2,2
404,320,10.7,5,overlapping,62.19656829389866,1.8043932896184247,3,3
404,480,16.0,3,non_overlapping,68.61336401535314,9.075664723480678,5,5
404,480,16.0,3,overlapping,67.67189121004907,8.808312976607512,9,9
404,480,16.0,4,non_overlapping,68.59354198169385,6.665359401157913,4,4
404,480,16.0,4,overlapping,67.95307011313125,7.3528119665307505,7,7
404,480,16.0,5,non_overlapping,67.71948202800131,6.353477534743636,3,3
404,480,16.0,5,overlapping,67.165939846975,6.36922229098331,5,5
404,1920,64.0,3,non_overlapping,70.45799453746433,5.672964392248389,21,21
404,1920,64.0,3,overlapping,70.42104821378824,5.372879401851736,41,41
404,1920,64.0,4,non_overlapping,70.44104853422124,4.006897375574414,16,16
404,1920,64.0,4,overlapping,70.63529010436567,4.411359133446344,31,31
404,1920,64.0,5,non_overlapping,70.89855887760025,4.183142192031751,12,12
404,1920,64.0,5,overlapping,70.99084996602501,4.053233692292672,24,24
405,160,5.3,3,non_overlapping,63.17733990147783,0.0,1,1
405,160,5.3,3,overlapping,63.73152709359606,0.5541871921182242,2,2
405,160,5.3,4,non_overlapping,63.54679802955665,0.0,1,1
405,160,5.3,4,overlapping,63.54679802955665,0.0,1,1
405,160,5.3,5,non_overlapping,63.73152709359606,0.0,1,1
405,160,5.3,5,overlapping,63.73152709359606,0.0,1,1
405,320,10.7,3,non_overlapping,60.23930810568741,3.4494654045746627,3,3
405,320,10.7,3,overlapping,59.583939767129415,3.6815293487655576,6,6
405,320,10.7,4,non_overlapping,60.52339901477832,3.023399014778324,2,2
405,320,10.7,4,overlapping,59.89643976712942,3.376271497382007,4,4
405,320,10.7,5,non_overlapping,59.77769536497985,3.953831728616212,2,2
405,320,10.7,5,overlapping,59.583939767129415,3.239898047090102,3,3
405,480,16.0,3,non_overlapping,61.87956501229583,5.189159951485465,5,5
405,480,16.0,3,overlapping,61.84579008619609,5.54662768202075,9,9
405,480,16.0,4,non_overlapping,62.280465016074025,5.412192782287899,4,4
405,480,16.0,4,overlapping,61.777747320215134,4.862945593813375,7,7
405,480,16.0,5,non_overlapping,61.81688021377954,4.328788119934956,3,3
405,480,16.0,5,overlapping,60.76265116974238,3.593081369211871,5,5
405,1920,64.0,3,non_overlapping,65.60643309862681,4.538743395767519,21,21
405,1920,64.0,3,overlapping,65.45198446517323,4.467649683145327,41,41
405,1920,64.0,4,non_overlapping,65.24059006089388,4.174143350697276,16,16
405,1920,64.0,4,overlapping,65.33945084880713,4.02023209177195,31,31
405,1920,64.0,5,non_overlapping,65.26303908788961,3.6279447278732024,12,12
405,1920,64.0,5,overlapping,65.33015101285748,3.7745412748234894,24,24
406,160,5.3,3,non_overlapping,58.06451612903225,0.0,1,1
406,160,5.3,3,overlapping,57.668621700879754,0.39589442815249143,2,2
406,160,5.3,4,non_overlapping,56.89149560117301,0.0,1,1
406,160,5.3,4,overlapping,56.89149560117301,0.0,1,1
406,160,5.3,5,non_overlapping,57.66862170087976,0.0,1,1
406,160,5.3,5,overlapping,57.66862170087976,0.0,1,1
406,320,10.7,3,non_overlapping,58.40725806451613,1.1855798732249332,3,3
406,320,10.7,3,overlapping,58.44770704823541,1.525284230152667,6,6
406,320,10.7,4,non_overlapping,57.498167155425215,0.6066715542522019,2,2
406,320,10.7,4,overlapping,57.993161593689955,0.689902979045279,4,4
406,320,10.7,5,non_overlapping,58.140310572353116,0.4716888714733578,2,2
406,320,10.7,5,overlapping,58.28641672565477,0.43705942812514953,3,3
406,480,16.0,3,non_overlapping,70.1737809681358,19.647368638275662,5,5
406,480,16.0,3,overlapping,65.8956766293622,15.622793415407147,9,9
406,480,16.0,4,non_overlapping,69.72698977113605,16.299557553985913,4,4
406,480,16.0,4,overlapping,70.84715124203444,17.832389975497584,7,7
406,480,16.0,5,non_overlapping,69.72479801282638,16.387465497892382,3,3
406,480,16.0,5,overlapping,72.98738622334284,18.05914989102694,5,5
406,1920,64.0,3,non_overlapping,66.75883407706463,10.506577419289911,21,21
406,1920,64.0,3,overlapping,65.69799767489599,8.390434596766863,41,41
406,1920,64.0,4,non_overlapping,66.73354627492,8.985432021454187,16,16
406,1920,64.0,4,overlapping,66.6793200378318,9.425059825775556,31,31
406,1920,64.0,5,non_overlapping,66.82826855571362,8.639719486209096,12,12
406,1920,64.0,5,overlapping,67.30018949139901,9.267939075061717,24,24
501,160,5.3,3,non_overlapping,51.42857142857142,0.0,1,1
501,160,5.3,3,overlapping,48.21428571428571,3.2142857142857117,2,2
501,160,5.3,4,non_overlapping,48.21428571428571,0.0,1,1
501,160,5.3,4,overlapping,48.21428571428571,0.0,1,1
501,160,5.3,5,non_overlapping,48.21428571428571,0.0,1,1
501,160,5.3,5,overlapping,48.21428571428571,0.0,1,1
501,320,10.7,3,non_overlapping,47.537593984962406,2.793488588684396,3,3
501,320,10.7,3,overlapping,46.682330827067666,2.286540369370485,6,6
501,320,10.7,4,non_overlapping,47.19924812030075,1.0150375939849567,2,2
501,320,10.7,4,overlapping,46.39567669172932,1.155929072541802,4,4
501,320,10.7,5,non_overlapping,47.19924812030075,1.0150375939849567,2,2
501,320,10.7,5,overlapping,46.8609022556391,0.9569866211547207,3,3
501,480,16.0,3,non_overlapping,54.12303485987697,14.025412128544117,5,5
501,480,16.0,3,overlapping,50.60719981772613,11.195113518959397,9,9
501,480,16.0,4,non_overlapping,50.730092276144916,6.752685524230129,4,4
501,480,16.0,4,overlapping,50.309540083976174,6.418898595061155,7,7
501,480,16.0,5,non_overlapping,49.92908407382092,3.9485283601697163,3,3
501,480,16.0,5,overlapping,50.1649008885851,4.117378227124258,5,5
501,1920,64.0,3,non_overlapping,52.217207739130814,21.41357554686897,21,21
501,1920,64.0,3,overlapping,50.485712185682296,17.50740925356996,41,41
501,1920,64.0,4,non_overlapping,48.123749919698724,5.11972215146355,16,16
501,1920,64.0,4,overlapping,49.40130541243819,12.07699931281963,31,31
501,1920,64.0,5,non_overlapping,51.199545361867735,12.991878502182397,12,12
501,1920,64.0,5,overlapping,50.85750462132362,13.362390379339681,24,24
502,160,5.3,3,non_overlapping,123.125,0.0,1,1
502,160,5.3,3,overlapping,103.88392857142857,19.24107142857143,2,2
502,160,5.3,4,non_overlapping,123.125,0.0,1,1
502,160,5.3,4,overlapping,123.125,0.0,1,1
502,160,5.3,5,non_overlapping,108.78571428571429,0.0,1,1
502,160,5.3,5,overlapping,108.78571428571429,0.0,1,1
502,320,10.7,3,non_overlapping,120.5442789968652,2.168936832956312,3,3
502,320,10.7,3,overlapping,109.04951408463073,15.431930336163825,6,6
502,320,10.7,4,non_overlapping,114.68014705882354,8.444852941176471,2,2
502,320,10.7,4,overlapping,106.56307871894839,10.202141609509857,4,4
502,320,10.7,5,non_overlapping,98.54472880061115,10.240985485103131,2,2
502,320,10.7,5,overlapping,96.79240009483418,8.721228941892807,3,3
502,480,16.0,3,non_overlapping,115.946697268249,15.885763896477322,5,5
502,480,16.0,3,overlapping,106.9821011476691,17.719451759730017,9,9
502,480,16.0,4,non_overlapping,103.60726222307105,21.103980836831887,4,4
502,480,16.0,4,overlapping,105.46883628059375,18.385065195214327,7,7
502,480,16.0,5,non_overlapping,99.11062075179723,8.39993987309213,3,3
502,480,16.0,5,overlapping,99.85743257418714,8.174708403320372,5,5
502,1920,64.0,3,non_overlapping,87.15000018699557,28.39458359336996,21,21
502,1920,64.0,3,overlapping,89.12648002002528,26.468758113095824,41,41
502,1920,64.0,4,non_overlapping,88.32062365539065,23.25735831035503,16,16
502,1920,64.0,4,overlapping,88.93016077463199,21.90939477283027,31,31
502,1920,64.0,5,non_overlapping,89.06365164063133,16.26949842671332,12,12
502,1920,64.0,5,overlapping,88.37061199013442,17.045450262381134,24,24
503,160,5.3,3,non_overlapping,136.0,0.0,1,1
503,160,5.3,3,overlapping,93.01930501930502,42.980694980694985,2,2
503,160,5.3,4,non_overlapping,106.88288288288288,0.0,1,1
503,160,5.3,4,overlapping,106.88288288288288,0.0,1,1
503,160,5.3,5,non_overlapping,93.01930501930502,0.0,1,1
503,160,5.3,5,overlapping,93.01930501930502,0.0,1,1
503,320,10.7,3,non_overlapping,81.76399944141879,38.350731645891344,3,3
503,320,10.7,3,overlapping,64.91549822789212,31.945575160825843,6,6
503,320,10.7,4,non_overlapping,79.90207757949693,26.98080530338595,2,2
503,320,10.7,4,overlapping,66.53693763371182,23.3205661553358,4,4
503,320,10.7,5,non_overlapping,71.4009774009774,21.618327618327623,2,2
503,320,10.7,5,overlapping,64.89475534636824,19.90552461478964,3,3
503,480,16.0,3,non_overlapping,78.58328654267932,34.69346866388482,5,5
503,480,16.0,3,overlapping,65.18499278541225,29.90153136941357,9,9
503,480,16.0,4,non_overlapping,73.00797411448565,23.697001855167137,4,4
503,480,16.0,4,overlapping,68.77245229170583,20.74675904616254,7,7
503,480,16.0,5,non_overlapping,72.20472399884164,17.687851099819557,3,3
503,480,16.0,5,overlapping,68.6472089553284,16.09177755871443,5,5
503,1920,64.0,3,non_overlapping,80.50971517211296,34.92691246142453,21,21
503,1920,64.0,3,overlapping,75.28738521253466,34.54335221689624,41,41
503,1920,64.0,4,non_overlapping,71.0996805488045,23.6407030922458,16,16
503,1920,64.0,4,overlapping,72.57783145380317,23.808815832348667,31,31
503,1920,64.0,5,non_overlapping,72.4045730890723,21.21859279525561,12,12
503,1920,64.0,5,overlapping,72.5644881259111,20.900073033071443,24,24
504,160,5.3,3,non_overlapping,113.29423264907136,0.0,1,1
504,160,5.3,3,overlapping,82.3614020388214,30.93283061024997,2,2
504,160,5.3,4,non_overlapping,97.82781734394638,0.0,1,1
504,160,5.3,4,overlapping,97.82781734394638,0.0,1,1
504,160,5.3,5,non_overlapping,90.2622538751571,0.0,1,1
504,160,5.3,5,overlapping,90.2622538751571,0.0,1,1
504,320,10.7,3,non_overlapping,75.08617278778569,27.018063417174215,3,3
504,320,10.7,3,overlapping,63.19583735914381,22.552537875675455,6,6
504,320,10.7,4,non_overlapping,75.83355152911605,21.994265814830335,2,2
504,320,10.7,4,overlapping,64.60053541706768,19.195730159374826,4,4
504,320,10.7,5,non_overlapping,71.98923504568666,18.27301882947044,2,2
504,320,10.7,5,overlapping,66.25175193521967,16.98350875547341,3,3
504,480,16.0,3,non_overlapping,70.19456081552856,23.083692162565704,5,5
504,480,16.0,3,overlapping,61.90689301576398,19.582279719727048,9,9
504,480,16.0,4,non_overlapping,69.66461126239352,18.603883500522695,4,4
504,480,16.0,4,overlapping,64.79647169163299,15.827650745904965,7,7
504,480,16.0,5,non_overlapping,69.32399219495993,15.388605644052161,3,3
504,480,16.0,5,overlapping,65.20945761953826,13.218986639139079,5,5
504,1920,64.0,3,non_overlapping,79.05182248543102,28.86482503385407,21,21
504,1920,64.0,3,overlapping,79.36430194664938,33.355248385354614,41,41
504,1920,64.0,4,non_overlapping,79.52439287948087,25.978392330936526,16,16
504,1920,64.0,4,overlapping,78.3629067397567,27.492662869297064,31,31
504,1920,64.0,5,non_overlapping,79.3881897877,22.28952338252344,12,12
504,1920,64.0,5,overlapping,76.15805662077581,23.083374327384483,24,24
505,160,5.3,3,non_overlapping,49.32432432432432,0.0,1,1
505,160,5.3,3,overlapping,47.73908523908524,1.5852390852390847,2,2
505,160,5.3,4,non_overlapping,49.32432432432432,0.0,1,1
505,160,5.3,4,overlapping,49.32432432432432,0.0,1,1
505,160,5.3,5,non_overlapping,48.26749826749827,0.0,1,1
505,160,5.3,5,overlapping,48.26749826749827,0.0,1,1
505,320,10.7,3,non_overlapping,48.108108108108105,2.215007360926891,3,3
505,320,10.7,3,overlapping,48.432901227018874,2.21748453109579,6,6
505,320,10.7,4,non_overlapping,49.32432432432432,0.0,2,2
505,320,10.7,4,overlapping,48.556392931392935,1.7421738741243642,4,4
505,320,10.7,5,non_overlapping,48.908523908523904,0.6410256410256387,2,2
505,320,10.7,5,overlapping,48.13929313929314,1.2072176830620087,3,3
505,480,16.0,3,non_overlapping,60.23004251487223,21.97453239968315,5,5
505,480,16.0,3,overlapping,63.68195348071509,27.89731429055369,9,9
505,480,16.0,4,non_overlapping,63.86863422467137,23.150430324250372,4,4
505,480,16.0,4,overlapping,65.18422217338626,24.98574539826327,7,7
505,480,16.0,5,non_overlapping,62.862574836259036,19.740947727231497,3,3
505,480,16.0,5,overlapping,57.40325744040914,16.770846066136624,5,5
505,1920,64.0,3,non_overlapping,71.37855175172734,31.67415802489804,21,21
505,1920,64.0,3,overlapping,71.68454940183399,32.11112665750817,41,41
505,1920,64.0,4,non_overlapping,71.67701271879629,25.492227807899678,16,16
505,1920,64.0,4,overlapping,70.56996010945252,25.433892881269088,31,31
505,1920,64.0,5,non_overlapping,70.2571466805213,22.046144644762478,12,12
505,1920,64.0,5,overlapping,69.49312915692559,20.856095951101988,24,24
506,160,5.3,3,non_overlapping,50.15479876160991,0.0,1,1
506,160,5.3,3,overlapping,52.35012665353223,2.1953278919223145,2,2
506,160,5.3,4,non_overlapping,51.61835068955812,0.0,1,1
506,160,5.3,4,overlapping,51.61835068955812,0.0,1,1
506,160,5.3,5,non_overlapping,51.57090587431144,0.0,1,1
506,160,5.3,5,overlapping,51.57090587431144,0.0,1,1
506,320,10.7,3,non_overlapping,49.76521930082302,2.8031971460783907,3,3
506,320,10.7,3,overlapping,51.39776116556302,2.981582494898593,6,6
506,320,10.7,4,non_overlapping,53.08190261750633,1.4635519279482097,2,2
506,320,10.7,4,overlapping,51.93680545460731,2.4631827006107443,4,4
506,320,10.7,5,non_overlapping,50.90200305370584,0.6689028206056058,2,2
506,320,10.7,5,overlapping,51.770166537968386,1.3437644857228122,3,3
506,480,16.0,3,non_overlapping,66.102557983313,29.96735430178481,5,5
506,480,16.0,3,overlapping,60.403995230221135,23.261954765638617,9,9
506,480,16.0,4,non_overlapping,73.06368242083335,34.287207020098485,4,4
506,480,16.0,4,overlapping,63.98148633303801,28.015462960627644,7,7
506,480,16.0,5,non_overlapping,63.89242599893753,18.379348843587472,3,3
506,480,16.0,5,overlapping,59.770467140635915,15.105254790430715,5,5
506,1920,64.0,3,non_overlapping,76.45569045622473,32.651977548906125,21,21
506,1920,64.0,3,overlapping,75.92130738276997,35.44163986980833,41,41
506,1920,64.0,4,non_overlapping,74.92417057081936,27.20481464026623,16,16
506,1920,64.0,4,overlapping,73.54420297930197,27.491697186572544,31,31
506,1920,64.0,5,non_overlapping,74.12478262283018,19.120684266403558,12,12
506,1920,64.0,5,overlapping,74.76929292209148,22.748585872756756,24,24
601,160,5.3,3,non_overlapping,74.72527472527473,0.0,1,1
601,160,5.3,3,overlapping,76.09890109890111,1.3736263736263723,2,2
601,160,5.3,4,non_overlapping,73.35164835164835,0.0,1,1
601,160,5.3,4,overlapping,73.35164835164835,0.0,1,1
601,160,5.3,5,non_overlapping,72.01465201465201,0.0,1,1
601,160,5.3,5,overlapping,72.01465201465201,0.0,1,1
601,320,10.7,3,non_overlapping,71.63207163207164,2.797813280136912,3,3
601,320,10.7,3,overlapping,72.0950345950346,4.158745239983797,6,6
601,320,10.7,4,non_overlapping,74.03846153846155,0.6868131868131897,2,2
601,320,10.7,4,overlapping,72.75641025641026,1.6259414747769876,4,4
601,320,10.7,5,non_overlapping,71.02564102564102,0.9890109890109855,2,2
601,320,10.7,5,overlapping,71.35531135531136,0.9324485026635758,3,3
601,480,16.0,3,non_overlapping,68.98277967243486,3.9228998037652465,5,5
601,480,16.0,3,overlapping,70.05962322054278,4.532927735393961,9,9
601,480,16.0,4,non_overlapping,69.40313039450972,4.670488752235505,4,4
601,480,16.0,4,overlapping,69.50714857118798,3.9726285433739035,7,7
601,480,16.0,5,non_overlapping,69.40318302387267,2.432454540704494,3,3
601,480,16.0,5,overlapping,69.15744600227359,2.793389541435229,5,5
601,1920,64.0,3,non_overlapping,64.63059231849952,3.595366948256764,21,21
601,1920,64.0,3,overlapping,65.41624451375122,4.825452845887821,41,41
601,1920,64.0,4,non_overlapping,66.24553966148794,5.796270589880482,16,16
601,1920,64.0,4,overlapping,65.90594049580737,5.578000221327269,31,31
601,1920,64.0,5,non_overlapping,66.1254262978401,4.866175414680379,12,12
601,1920,64.0,5,overlapping,65.8121273501557,4.648009905626114,24,24
603,160,5.3,3,non_overlapping,75.0,0.0,1,1
603,160,5.3,3,overlapping,74.5,0.5,2,2
603,160,5.3,4,non_overlapping,74.0,0.0,1,1
603,160,5.3,4,overlapping,74.0,0.0,1,1
603,160,5.3,5,non_overlapping,75.05217391304348,0.0,1,1
603,160,5.3,5,overlapping,75.05217391304348,0.0,1,1
603,320,10.7,3,non_overlapping,76.84453227931489,1.8927217257653082,3,3
603,320,10.7,3,overlapping,77.07547524938829,2.3749858845019283,6,6
603,320,10.7,4,non_overlapping,76.16749011857706,2.1674901185770707,2,2
603,320,10.7,4,overlapping,77.10343732354602,2.7654726463274986,4,4
603,320,10.7,5,non_overlapping,77.75759457933371,2.7054206662902374,2,2
603,320,10.7,5,overlapping,77.49057029926595,2.2410126996557356,3,3
603,480,16.0,3,non_overlapping,76.5415019762846,6.14686283782018,5,5
603,480,16.0,3,overlapping,76.2236518178547,5.154501266410723,9,9
603,480,16.0,4,non_overlapping,76.8068299454169,5.972170431560855,4,4
603,480,16.0,4,overlapping,77.40652360062299,4.838565067269637,7,7
603,480,16.0,5,non_overlapping,77.22672786151047,2.333060850451979,3,3
603,480,16.0,5,overlapping,78.0515965194226,2.5421468550918314,5,5
603,1920,64.0,3,non_overlapping,72.08510381957586,6.111332454330483,21,21
603,1920,64.0,3,overlapping,71.81482560316618,5.532558785040218,41,41
603,1920,64.0,4,non_overlapping,71.23247658555005,4.940161801427835,16,16
603,1920,64.0,4,overlapping,71.54487182104221,4.870134888197721,31,31
603,1920,64.0,5,non_overlapping,72.27823737357096,4.354977783077233,12,12
603,1920,64.0,5,overlapping,72.08130367258929,4.4901215858709245,24,24
604,160,5.3,3,non_overlapping,70.61538461538461,0.0,1,1
604,160,5.3,3,overlapping,71.53957636566332,0.9241917502787089,2,2
604,160,5.3,4,non_overlapping,69.29914529914531,0.0,1,1
604,160,5.3,4,overlapping,69.29914529914531,0.0,1,1
604,160,5.3,5,non_overlapping,71.0778149386845,0.0,1,1
604,160,5.3,5,overlapping,71.0778149386845,0.0,1,1
604,320,10.7,3,non_overlapping,72.50836120401337,1.3594566945006163,3,3
604,320,10.7,3,overlapping,71.79301374953549,1.3906308915359218,6,6
604,320,10.7,4,non_overlapping,69.72649572649573,0.4273504273504187,2,2
604,320,10.7,4,overlapping,70.79329245633593,1.1316950520049962,4,4
604,320,10.7,5,non_overlapping,71.33422519509475,0.2564102564102555,2,2
604,320,10.7,5,overlapping,71.41969528056484,0.2417459080979641,3,3
604,480,16.0,3,non_overlapping,75.93110367892976,6.6858593467502665,5,5
604,480,16.0,3,overlapping,74.81097485445311,5.830286609520739,9,9
604,480,16.0,4,non_overlapping,73.20647528799702,4.1567197639834665,4,4
604,480,16.0,4,overlapping,73.65768169029037,3.8868987799864345,7,7
604,480,16.0,5,non_overlapping,73.43820141211445,2.9828279629624355,3,3
604,480,16.0,5,overlapping,73.92994425863989,3.080268881633961,5,5
604,1920,64.0,3,non_overlapping,74.18228183135014,6.01481889647814,21,21
604,1920,64.0,3,overlapping,74.27294427029315,6.016981783238295,41,41
604,1920,64.0,4,non_overlapping,72.77813860354621,2.754068218531355,16,16
604,1920,64.0,4,overlapping,73.33340071958585,3.8343592780160622,31,31
604,1920,64.0,5,non_overlapping,73.74552830422395,3.95083401622953,12,12
604,1920,64.0,5,overlapping,73.96859084956911,4.406322481582788,24,24
605,160,5.3,3,non_overlapping,71.07692307692308,0.0,1,1
605,160,5.3,3,overlapping,70.84615384615384,0.2307692307692335,2,2
605,160,5.3,4,non_overlapping,71.3076923076923,0.0,1,1
605,160,5.3,4,overlapping,71.3076923076923,0.0,1,1
605,160,5.3,5,non_overlapping,70.8923076923077,0.0,1,1
605,160,5.3,5,overlapping,70.8923076923077,0.0,1,1
605,320,10.7,3,non_overlapping,70.15384615384615,0.7536891516255964,3,3
605,320,10.7,3,overlapping,70.38461538461537,0.580756495020829,6,6
605,320,10.7,4,non_overlapping,70.61538461538461,0.6923076923076934,2,2
605,320,10.7,4,overlapping,70.5,0.5287587340333678,4,4
605,320,10.7,5,non_overlapping,70.61538461538461,0.27692307692308304,2,2
605,320,10.7,5,overlapping,70.52307692307691,0.2610855807458079,3,3
605,480,16.0,3,non_overlapping,67.55277567260325,3.252535294380322,5,5
605,480,16.0,3,overlapping,68.087485790072,3.2931722938848043,9,9
605,480,16.0,4,non_overlapping,67.69716275104206,3.2708104246506857,4,4
605,480,16.0,4,overlapping,67.48944405348347,3.848496089708279,7,7
605,480,16.0,5,non_overlapping,67.46639352027283,4.4590822031603805,3,3
605,480,16.0,5,overlapping,68.02156688139446,3.6432728240836907,5,5
605,1920,64.0,3,non_overlapping,67.85696416792477,3.994090102228784,21,21
605,1920,64.0,3,overlapping,68.23800936237859,5.250095451615976,41,41
605,1920,64.0,4,non_overlapping,68.38547423003243,6.096946029897168,16,16
605,1920,64.0,4,overlapping,68.4009191124041,5.420201467376646,31,31
605,1920,64.0,5,non_overlapping,68.67827262536315,5.9531325324780555,12,12
605,1920,64.0,5,overlapping,68.70076325733653,5.251616048624414,24,24
606,160,5.3,3,non_overlapping,73.5,0.0,1,1
606,160,5.3,3,overlapping,71.82692307692307,1.673076923076927,2,2
606,160,5.3,4,non_overlapping,72.07692307692308,0.0,1,1
606,160,5.3,4,overlapping,72.07692307692308,0.0,1,1
606,160,5.3,5,non_overlapping,71.36538461538461,0.0,1,1
606,160,5.3,5,overlapping,71.36538461538461,0.0,1,1
606,320,10.7,3,non_overlapping,69.51424501424502,2.903468690592846,3,3
606,320,10.7,3,overlapping,68.67165242165242,2.5052315980157887,6,6
606,320,10.7,4,non_overlapping,69.69230769230771,2.3846153846153797,2,2
606,320,10.7,4,overlapping,68.66025641025642,2.090598771061715,4,4
606,320,10.7,5,non_overlapping,69.01602564102564,2.349358974358971,2,2
606,320,10.7,5,overlapping,68.66025641025641,1.9831293161881673,3,3
606,480,16.0,3,non_overlapping,72.76471306471306,8.949510419889725,5,5
606,480,16.0,3,overlapping,70.177384344051,7.403472463540973,9,9
606,480,16.0,4,non_overlapping,72.12103174603175,7.320249039058804,4,4
606,480,16.0,4,overlapping,72.4522065236351,7.402452964824866,7,7
606,480,16.0,5,non_overlapping,72.54304029304029,5.344092355550448,3,3
606,480,16.0,5,overlapping,73.22545787545788,5.806201917389466,5,5
606,1920,64.0,3,non_overlapping,69.84055708932557,5.646868274065908,21,21
606,1920,64.0,3,overlapping,69.42038897463624,5.374395666004347,41,41
606,1920,64.0,4,non_overlapping,70.23987542629783,5.921020005395177,16,16
606,1920,64.0,4,overlapping,70.04335165514254,5.4583548003970055,31,31
606,1920,64.0,5,non_overlapping,70.50682234432234,5.029939468453453,12,12
606,1920,64.0,5,overlapping,70.2099077407267,4.894842687673294,24,24
701,160,5.3,3,non_overlapping,128.83516483516482,0.0,1,1
701,160,5.3,3,overlapping,127.97802197802196,0.8571428571428541,2,2
701,160,5.3,4,non_overlapping,127.53532182103609,0.0,1,1
701,160,5.3,4,overlapping,127.53532182103609,0.0,1,1
701,160,5.3,5,non_overlapping,126.98901098901096,0.0,1,1
701,160,5.3,5,overlapping,126.98901098901096,0.0,1,1
701,320,10.7,3,non_overlapping,127.8186813186813,0.8782619430299804,3,3
701,320,10.7,3,overlapping,129.9517982017982,4.873007404465018,6,6
701,320,10.7,4,non_overlapping,126.23430141287284,1.3010204081632608,2,2
701,320,10.7,4,overlapping,126.89033065149135,1.5592479761304576,4,4
701,320,10.7,5,non_overlapping,127.07967032967031,0.0906593406593501,2,2
701,320,10.7,5,overlapping,126.97802197802196,0.16169163702814865,3,3
701,480,16.0,3,non_overlapping,127.58437877911561,0.7428883269785113,5,5
701,480,16.0,3,overlapping,129.22353377616534,4.133453618007347,9,9
701,480,16.0,4,non_overlapping,126.8375046006625,1.7466949062057706,4,4
701,480,16.0,4,overlapping,126.42230922943864,2.2461992370185624,7,7
701,480,16.0,5,non_overlapping,126.05516997622259,1.4507519978025916,3,3
701,480,16.0,5,overlapping,127.30110240636557,2.426163363229008,5,5
701,1920,64.0,3,non_overlapping,125.8060661143368,4.030751829473492,21,21
701,1920,64.0,3,overlapping,126.00457629661737,4.415429551045319,41,41
701,1920,64.0,4,non_overlapping,125.79603725691601,3.276865144728184,16,16
701,1920,64.0,4,overlapping,125.47859557674923,3.0148916208895638,31,31
701,1920,64.0,5,non_overlapping,125.38177173703487,2.6200579182671437,12,12
701,1920,64.0,5,overlapping,125.55784566310881,3.0799086116730816,24,24
702,160,5.3,3,non_overlapping,120.0,0.0,1,1
702,160,5.3,3,overlapping,119.0625,0.9375,2,2
702,160,5.3,4,non_overlapping,120.0,0.0,1,1
702,160,5.3,4,overlapping,120.0,0.0,1,1
702,160,5.3,5,non_overlapping,119.0625,0.0,1,1
702,160,5.3,5,overlapping,119.0625,0.0,1,1
702,320,10.7,3,non_overlapping,121.128663003663,6.02818124668493,3,3
702,320,10.7,3,overlapping,121.69757326007324,5.970345816499693,6,6
702,320,10.7,4,non_overlapping,121.56593406593407,1.5659340659340657,2,2
702,320,10.7,4,overlapping,122.3798076923077,5.098609629775051,4,4
702,320,10.7,5,non_overlapping,124.0367445054945,4.974244505494497,2,2
702,320,10.7,5,overlapping,121.753663003663,5.188480306246246,3,3
702,480,16.0,3,non_overlapping,126.20247252747251,8.386356612799663,5,5
702,480,16.0,3,overlapping,125.36126373626374,7.547085183286537,9,9
702,480,16.0,4,non_overlapping,127.29395604395603,6.172159057886977,4,4
702,480,16.0,4,overlapping,126.73469387755101,6.531397177623277,7,7
702,480,16.0,5,non_overlapping,126.68017399267399,5.520040263229492,3,3
702,480,16.0,5,overlapping,126.29542124542122,6.900313357249978,5,5
702,1920,64.0,3,non_overlapping,133.36319247978912,8.008468282697375,21,21
702,1920,64.0,3,overlapping,134.06620513632706,7.924449474852343,41,41
702,1920,64.0,4,non_overlapping,134.03728908521452,6.928081586116198,16,16
702,1920,64.0,4,overlapping,134.38892633525325,6.967113651315503,31,31
702,1920,64.0,5,non_overlapping,134.08817008340733,6.883350390612255,12,12
702,1920,64.0,5,overlapping,134.55703873518044,6.991462800038197,24,24
703,160,5.3,3,non_overlapping,127.36263736263736,0.0,1,1
703,160,5.3,3,overlapping,129.94505494505495,2.582417582417584,2,2
703,160,5.3,4,non_overlapping,130.13736263736263,0.0,1,1
703,160,5.3,4,overlapping,130.13736263736263,0.0,1,1
703,160,5.3,5,non_overlapping,130.8131868131868,0.0,1,1
703,160,5.3,5,overlapping,130.8131868131868,0.0,1,1
703,320,10.7,3,non_overlapping,133.55311355311355,4.714045207910316,3,3
703,320,10.7,3,overlapping,134.514652014652,3.907982456392268,6,6
703,320,10.7,4,non_overlapping,133.0631868131868,2.925824175824175,2,2
703,320,10.7,4,overlapping,134.75421899529042,3.099869588448417,4,4
703,320,10.7,5,non_overlapping,134.26273726273726,3.4495504495504576,2,2
703,320,10.7,5,overlapping,134.67332667332667,2.875778073989512,3,3
703,480,16.0,3,non_overlapping,133.40259740259737,4.589200520396306,5,5
703,480,16.0,3,overlapping,133.55699855699856,4.226224529261274,9,9
703,480,16.0,4,non_overlapping,133.8602022977023,3.986053045975322,4,4
703,480,16.0,4,overlapping,134.76069848518827,3.4310604296378036,7,7
703,480,16.0,5,non_overlapping,133.5784215784216,2.9781719416889603,3,3
703,480,16.0,5,overlapping,134.88131868131865,2.9304434774538652,5,5
703,1920,64.0,3,non_overlapping,127.62646876932591,5.386265757375118,21,21
703,1920,64.0,3,overlapping,127.57911600594525,5.1323835696167555,41,41
703,1920,64.0,4,non_overlapping,127.54030567646637,5.2673172369767025,16,16
703,1920,64.0,4,overlapping,127.79234590294499,5.229978024156644,31,31
703,1920,64.0,5,non_overlapping,127.86835386835388,4.869875241235859,12,12
703,1920,64.0,5,overlapping,127.84623015873017,5.016373384160456,24,24
704,160,5.3,3,non_overlapping,135.16483516483515,0.0,1,1
704,160,5.3,3,overlapping,135.16483516483515,0.0,2,2
704,160,5.3,4,non_overlapping,135.98901098901098,0.0,1,1
704,160,5.3,4,overlapping,135.98901098901098,0.0,1,1
704,160,5.3,5,non_overlapping,134.50549450549448,0.0,1,1
704,160,5.3,5,overlapping,134.50549450549448,0.0,1,1
704,320,10.7,3,non_overlapping,130.46153846153845,6.191096052369908,3,3
704,320,10.7,3,overlapping,128.93543956043953,7.362377624785403,6,6
704,320,10.7,4,non_overlapping,132.46860282574568,3.5204081632653015,2,2
704,320,10.7,4,overlapping,129.9607535321821,6.255381596088429,4,4
704,320,10.7,5,non_overlapping,128.81410256410254,5.691391941391942,2,2
704,320,10.7,5,overlapping,129.88095238095235,4.885792179075884,3,3
704,480,16.0,3,non_overlapping,128.75094905094903,5.274604746148145,5,5
704,480,16.0,3,overlapping,128.61568986568986,6.22262111385745,9,9
704,480,16.0,4,non_overlapping,128.9580954759526,4.329898065392682,4,4
704,480,16.0,4,overlapping,128.48671736426837,5.13568717033295,7,7
704,480,16.0,5,non_overlapping,128.47347097347094,4.671904099483047,3,3
704,480,16.0,5,overlapping,128.3138528138528,4.398225033383753,5,5
704,1920,64.0,3,non_overlapping,125.83640763997907,6.0712426688125385,21,21
704,1920,64.0,3,overlapping,125.45671401768962,6.293174346266818,41,41
704,1920,64.0,4,non_overlapping,126.32822534608248,6.1076496729013545,16,16
704,1920,64.0,4,overlapping,125.82693036610088,6.093549536737463,31,31
704,1920,64.0,5,non_overlapping,125.41770382395383,5.2581599187919075,12,12
704,1920,64.0,5,overlapping,125.73983828671328,5.277630780897086,24,24
705,160,5.3,3,non_overlapping,136.8131868131868,0.0,1,1
705,160,5.3,3,overlapping,134.34065934065933,2.4725274725274744,2,2
705,160,5.3,4,non_overlapping,134.95879120879118,0.0,1,1
705,160,5.3,4,overlapping,134.95879120879118,0.0,1,1
705,160,5.3,5,non_overlapping,133.68131868131863,0.0,1,1
705,160,5.3,5,overlapping,133.68131868131863,0.0,1,1
705,320,10.7,3,non_overlapping,132.5274725274725,3.0334447784268717,3,3
705,320,10.7,3,overlapping,132.90293040293037,2.4383920961234566,6,6
705,320,10.7,4,non_overlapping,133.17798273155415,1.780808477237045,2,2
705,320,10.7,4,overlapping,132.420035321821,1.5333516215861593,4,4
705,320,10.7,5,non_overlapping,132.60989010989007,1.0714285714285552,2,2
705,320,10.7,5,overlapping,132.2527472527472,1.0101525445521955,3,3
705,480,16.0,3,non_overlapping,133.70329670329667,5.158939819886398,5,5
705,480,16.0,3,overlapping,133.9438339438339,4.111611702013539,9,9
705,480,16.0,4,non_overlapping,133.81671899529042,4.267763076794475,4,4
705,480,16.0,4,overlapping,133.54675936308587,3.550619669724421,7,7
705,480,16.0,5,non_overlapping,133.30769230769226,1.3187728905934069,3,3
705,480,16.0,5,overlapping,133.8707292707292,2.3570946721584214,5,5
705,1920,64.0,3,non_overlapping,131.8935777108046,5.323169775477187,21,21
705,1920,64.0,3,overlapping,131.78417421889446,5.754946156479182,41,41
705,1920,64.0,4,non_overlapping,131.59106059381793,5.666111463241625,16,16
705,1920,64.0,4,overlapping,131.5263073704555,5.501076067424936,31,31
705,1920,64.0,5,non_overlapping,132.13962344844694,4.578641192322186,12,12
705,1920,64.0,5,overlapping,131.8811700962436,4.873771953250434,24,24
706,160,5.3,3,non_overlapping,135.16483516483515,0.0,1,1
706,160,5.3,3,overlapping,137.96703296703296,2.80219780219781,2,2
706,160,5.3,4,non_overlapping,135.98901098901098,0.0,1,1
706,160,5.3,4,overlapping,135.98901098901098,0.0,1,1
706,160,5.3,5,non_overlapping,137.63736263736263,0.0,1,1
706,160,5.3,5,overlapping,137.63736263736263,0.0,1,1
706,320,10.7,3,non_overlapping,135.45787545787542,4.132543524152512,3,3
706,320,10.7,3,overlapping,135.46703296703296,4.646215487824087,6,6
706,320,10.7,4,non_overlapping,136.09203296703296,0.1030219780219852,2,2
706,320,10.7,4,overlapping,135.56956436420722,3.6185941348211377,4,4
706,320,10.7,5,non_overlapping,135.39377289377288,2.2435897435897516,2,2
706,320,10.7,5,overlapping,136.5262515262515,2.4332719393994555,3,3
706,480,16.0,3,non_overlapping,130.98901098901098,6.895637231216418,5,5
706,480,16.0,3,overlapping,132.025641025641,6.530645537222766,9,9
706,480,16.0,4,non_overlapping,130.80111852433282,5.717047322911893,4,4
706,480,16.0,4,overlapping,131.49164610899305,5.70844007856873,7,7
706,480,16.0,5,non_overlapping,132.80219780219778,4.097355187870865,3,3
706,480,16.0,5,overlapping,132.01098901098902,6.033361788206356,5,5
706,1920,64.0,3,non_overlapping,132.25815454386878,4.469695876063549,21,21
706,1920,64.0,3,overlapping,132.61949432681138,4.503521818552724,41,41
706,1920,64.0,4,non_overlapping,132.23005788854002,4.103362259868803,16,16
706,1920,64.0,4,overlapping,132.4260014179369,3.9178931482178387,31,31
706,1920,64.0,5,non_overlapping,133.18589743589743,2.8349112866310566,12,12
706,1920,64.0,5,overlapping,132.6561355311355,3.4952460339923244,24,24
801,160,5.3,3,non_overlapping,45.0,0.0,1,1
801,160,5.3,3,overlapping,46.98529411764706,1.985294117647058,2,2
801,160,5.3,4,non_overlapping,45.0,0.0,1,1
801,160,5.3,4,overlapping,45.0,0.0,1,1
801,160,5.3,5,non_overlapping,47.64705882352941,0.0,1,1
801,160,5.3,5,overlapping,47.64705882352941,0.0,1,1
801,320,10.7,3,non_overlapping,46.57894736842106,1.116484391347182,3,3
801,320,10.7,3,overlapping,47.038282924505836,1.2245817685135538,6,6
801,320,10.7,4,non_overlapping,45.981781376518214,0.9817813765182173,2,2
801,320,10.7,4,overlapping,47.371695641819485,1.8396457791279743,4,4
801,320,10.7,5,non_overlapping,47.305310788282924,0.3417480352464892,2,2
801,320,10.7,5,overlapping,47.810589822973725,0.7671212108869712,3,3
801,480,16.0,3,non_overlapping,45.72785622593069,1.398184768344167,5,5
801,480,16.0,3,overlapping,46.36510919169682,1.479094310841668,9,9
801,480,16.0,4,non_overlapping,45.21650044435667,1.1037129394306893,4,4
801,480,16.0,4,overlapping,46.127816585308956,2.020690520905716,7,7
801,480,16.0,5,non_overlapping,46.30503252945298,1.4418648815240234,3,3
801,480,16.0,5,overlapping,46.56228669012782,1.6582749261704772,5,5
801,1920,64.0,3,non_overlapping,46.311370856979856,2.0153240118223232,21,21
801,1920,64.0,3,overlapping,46.26187584624301,2.1624804855231075,41,41
801,1920,64.0,4,non_overlapping,46.3020480774164,2.16729730953633,16,16
801,1920,64.0,4,overlapping,46.271118130589244,2.0447132279152833,31,31
801,1920,64.0,5,non_overlapping,46.777591589933216,1.2570444900999775,12,12
801,1920,64.0,5,overlapping,46.320669380858924,1.700076121324272,24,24
802,160,5.3,3,non_overlapping,63.333333333333336,0.0,1,1
802,160,5.3,3,overlapping,66.28205128205128,2.9487179487179453,2,2
802,160,5.3,4,non_overlapping,65.29914529914531,0.0,1,1
802,160,5.3,4,overlapping,65.29914529914531,0.0,1,1
802,160,5.3,5,non_overlapping,63.03685897435898,0.0,1,1
802,160,5.3,5,overlapping,63.03685897435898,0.0,1,1
802,320,10.7,3,non_overlapping,58.07796896862362,3.7810625109382285,3,3
802,320,10.7,3,overlapping,59.34577446852115,5.324614371600864,6,6
802,320,10.7,4,non_overlapping,60.82794077101478,4.4712045281305315,2,2
802,320,10.7,4,overlapping,59.21208462894896,3.7907525610523582,4,4
802,320,10.7,5,non_overlapping,59.670922155801186,3.365936818557792,2,2
802,320,10.7,5,overlapping,58.36458061493639,3.3115067397072586,3,3
802,480,16.0,3,non_overlapping,59.49559752609711,3.41646939911148,5,5
802,480,16.0,3,overlapping,60.039245588262474,4.464613734791725,9,9
802,480,16.0,4,non_overlapping,59.66677171839771,3.4498139017084153,4,4
802,480,16.0,4,overlapping,59.42539577833462,3.1358041294388395,7,7
802,480,16.0,5,non_overlapping,60.14888109819979,2.8301784299909793,3,3
802,480,16.0,5,overlapping,59.15193387089039,2.7834916390298603,5,5
802,1920,64.0,3,non_overlapping,67.98533406689276,22.276075939770834,21,21
802,1920,64.0,3,overlapping,68.32846817529179,21.108681215178184,41,41
802,1920,64.0,4,non_overlapping,68.4389706202339,20.02137268137306,16,16
802,1920,64.0,4,overlapping,69.07350987037623,19.717627943276852,31,31
802,1920,64.0,5,non_overlapping,69.79231129735432,19.64473734079589,12,12
802,1920,64.0,5,overlapping,68.73391812796213,17.580682807134394,24,24
803,160,5.3,3,non_overlapping,53.83928571428571,0.0,1,1
803,160,5.3,3,overlapping,53.39023109243698,0.44905462184873457,2,2
803,160,5.3,4,non_overlapping,53.53991596638655,0.0,1,1
803,160,5.3,4,overlapping,53.53991596638655,0.0,1,1
803,160,5.3,5,non_overlapping,53.791300611153545,0.0,1,1
803,160,5.3,5,overlapping,53.791300611153545,0.0,1,1
803,320,10.7,3,non_overlapping,53.27110389610389,1.3343820105107456,3,3
803,320,10.7,3,overlapping,52.85403934300993,1.1482377154699106,6,6
803,320,10.7,4,non_overlapping,52.48424369747899,1.0556722689075642,2,2
803,320,10.7,4,overlapping,52.7241692131398,0.9583207887341522,4,4
803,320,10.7,5,non_overlapping,52.86203686019862,0.9292637509549238,2,2
803,320,10.7,5,overlapping,52.730535395976574,0.7811995153251806,3,3
803,480,16.0,3,non_overlapping,54.06630379424497,2.4077406019662586,5,5
803,480,16.0,3,overlapping,54.344530741589566,3.204526965477998,9,9
803,480,16.0,4,non_overlapping,53.42232726423903,1.950308465116001,4,4
803,480,16.0,4,overlapping,54.033825651472704,2.4272251428644234,7,7
803,480,16.0,5,non_overlapping,54.18189245395127,2.0148759240408705,3,3
803,480,16.0,5,overlapping,54.30983150836092,2.028691168343406,5,5
803,1920,64.0,3,non_overlapping,53.06693561531024,12.21927364209984,21,21
803,1920,64.0,3,overlapping,52.62911621006463,10.976829706210063,41,41
803,1920,64.0,4,non_overlapping,50.079581905481675,2.610901076961852,16,16
803,1920,64.0,4,overlapping,51.621195338175774,7.261488676400256,31,31
803,1920,64.0,5,non_overlapping,53.014119893473605,8.397872220893586,12,12
803,1920,64.0,5,overlapping,52.92360733706516,8.257120064583138,24,24
804,160,5.3,3,non_overlapping,54.595588235294116,0.0,1,1
804,160,5.3,3,overlapping,53.012079831932766,1.5835084033613462,2,2
804,160,5.3,4,non_overlapping,53.53991596638655,0.0,1,1
804,160,5.3,4,overlapping,53.53991596638655,0.0,1,1
804,160,5.3,5,non_overlapping,53.012079831932766,0.0,1,1
804,160,5.3,5,overlapping,53.012079831932766,0.0,1,1
804,320,10.7,3,non_overlapping,53.003724216959505,1.2929831946370491,3,3
804,320,10.7,3,overlapping,52.73562834224598,1.4096872735909638,6,6
804,320,10.7,4,non_overlapping,54.042685255920546,0.5027692895339939,2,2
804,320,10.7,4,overlapping,52.99536860198624,1.165414371765371,4,4
804,320,10.7,5,non_overlapping,52.739806149732615,0.2722736822001508,2,2
804,320,10.7,5,overlapping,52.99536860198625,0.42431863736622555,3,3
804,480,16.0,3,non_overlapping,54.44509167303285,4.645549293031646,5,5
804,480,16.0,3,overlapping,53.29200619641796,3.857271453312134,9,9
804,480,16.0,4,non_overlapping,55.324914056531696,4.85774305040035,4,4
804,480,16.0,4,overlapping,54.789870493652,4.222109676457332,7,7
804,480,16.0,5,non_overlapping,53.90987076648841,1.6695880889549741,3,3
804,480,16.0,5,overlapping,54.440078304048896,1.8137881289235411,5,5
804,1920,64.0,3,non_overlapping,53.58242284029833,12.217914748841206,21,21
804,1920,64.0,3,overlapping,53.01871516200511,11.005830821042666,41,41
804,1920,64.0,4,non_overlapping,51.237423322248205,3.583681901221686,16,16
804,1920,64.0,4,overlapping,52.4130280489433,7.889237212733448,31,31
804,1920,64.0,5,non_overlapping,53.51965163407943,8.737890940247578,12,12
804,1920,64.0,5,overlapping,53.45123004670671,8.246474343627401,24,24
805,160,5.3,3,non_overlapping,52.94117647058824,0.0,1,1
805,160,5.3,3,overlapping,51.48989325459914,1.451283215989104,2,2
805,160,5.3,4,non_overlapping,52.18487394957983,0.0,1,1
805,160,5.3,4,overlapping,52.18487394957983,0.0,1,1
805,160,5.3,5,non_overlapping,51.00613218260278,0.0,1,1
805,160,5.3,5,overlapping,51.00613218260278,0.0,1,1
805,320,10.7,3,non_overlapping,50.09134521518422,2.015187303121641,3,3
805,320,10.7,3,overlapping,50.371086880374804,2.5485157158755767,6,6
805,320,10.7,4,non_overlapping,51.62478750714045,0.5600864424393848,2,2
805,320,10.7,4,overlapping,50.14560854731134,1.5313317366254255,4,4
805,320,10.7,5,non_overlapping,50.822045357649074,0.18408682495370243,2,2
805,320,10.7,5,overlapping,50.75278044318292,0.17940799731254373,3,3
805,480,16.0,3,non_overlapping,56.88463906188364,13.02224563716356,5,5
805,480,16.0,3,overlapping,54.28450609952158,10.285017578310043,9,9
805,480,16.0,4,non_overlapping,57.00634830907664,8.102933176694314,4,4
805,480,16.0,4,overlapping,56.80688119680823,9.524765880786031,7,7
805,480,16.0,5,non_overlapping,56.23955684907697,7.662992463277928,3,3
805,480,16.0,5,overlapping,56.875485161088875,7.527463215358991,5,5
805,1920,64.0,3,non_overlapping,53.2946831001895,7.20190498336911,21,21
805,1920,64.0,3,overlapping,52.574331016775666,5.95690412067706,41,41
805,1920,64.0,4,non_overlapping,52.92049665034628,5.366801411095563,16,16
805,1920,64.0,4,overlapping,53.01077334298219,5.447715212633377,31,31
805,1920,64.0,5,non_overlapping,53.55431686424989,4.728982893440939,12,12
805,1920,64.0,5,overlapping,53.18156376810282,4.37825435098992,24,24
806,160,5.3,3,non_overlapping,52.94117647058824,0.0,1,1
806,160,5.3,3,overlapping,56.178380443086326,3.237203972498083,2,2
806,160,5.3,4,non_overlapping,53.74331550802139,0.0,1,1
806,160,5.3,4,overlapping,53.74331550802139,0.0,1,1
806,160,5.3,5,non_overlapping,57.25744843391902,0.0,1,1
806,160,5.3,5,overlapping,57.25744843391902,0.0,1,1
806,320,10.7,3,non_overlapping,56.72268907563025,5.347866412335228,3,3
806,320,10.7,3,overlapping,57.51441632371424,4.113362409778208,6,6
806,320,10.7,4,non_overlapping,56.08689223489982,2.3435767268784318,2,2
806,320,10.7,4,overlapping,57.12671578895487,2.8200730771801106,4,4
806,320,10.7,5,non_overlapping,56.6220828507356,0.6353655831834217,2,2
806,320,10.7,5,overlapping,57.71281533141115,1.6274277162639097,3,3
806,480,16.0,3,non_overlapping,56.19327731092436,4.6597074355208115,5,5
806,480,16.0,3,overlapping,56.71447464616344,3.8612888251157123,9,9
806,480,16.0,4,non_overlapping,55.85857216787008,2.9552700879925,4,4
806,480,16.0,4,overlapping,56.64580201582098,2.892153170042428,7,7
806,480,16.0,5,non_overlapping,56.34813162801777,0.6474757352363564,3,3
806,480,16.0,5,overlapping,57.602861085783275,1.637092759685965,5,5
806,1920,64.0,3,non_overlapping,54.51355601684281,3.6067051084758206,21,21
806,1920,64.0,3,overlapping,54.64512892062414,3.8579068684077056,41,41
806,1920,64.0,4,non_overlapping,54.697476698633,3.1171056764117124,16,16
806,1920,64.0,4,overlapping,54.97703134157195,3.1139772478861274,31,31
806,1920,64.0,5,non_overlapping,54.779767653937476,2.366799474060443,12,12
806,1920,64.0,5,overlapping,55.09697633222597,2.8357050775934347,24,24
901,160,5.3,3,non_overlapping,46.15384615384615,0.0,1,1
901,160,5.3,3,overlapping,46.76113360323887,0.6072874493927145,2,2
901,160,5.3,4,non_overlapping,46.15384615384615,0.0,1,1
901,160,5.3,4,overlapping,46.15384615384615,0.0,1,1
901,160,5.3,5,non_overlapping,46.558704453441294,0.0,1,1
901,160,5.3,5,overlapping,46.558704453441294,0.0,1,1
901,320,10.7,3,non_overlapping,46.174089068825914,0.9670097904855226,3,3
901,320,10.7,3,overlapping,46.37651821862349,1.0638609994713306,6,6
901,320,10.7,4,non_overlapping,46.16902834008097,0.015182186234820705,2,2
901,320,10.7,4,overlapping,46.472672064777335,0.5173094646984056,4,4
901,320,10.7,5,non_overlapping,46.56882591093118,0.010121457489884023,2,2
901,320,10.7,5,overlapping,46.309041835357625,0.3674830986286141,3,3
901,480,16.0,3,non_overlapping,46.43948670071905,2.027990884426017,5,5
901,480,16.0,3,overlapping,46.454235751411616,1.6479390451914737,9,9
901,480,16.0,4,non_overlapping,46.24805900580597,2.437738774951756,4,4
901,480,16.0,4,overlapping,46.98493113597452,2.331515659157575,7,7
901,480,16.0,5,non_overlapping,47.11274390991978,0.7692606029051575,3,3
901,480,16.0,5,overlapping,47.21979945599971,1.1767094604207908,5,5
901,1920,64.0,3,non_overlapping,45.48265689930828,1.6085908961276754,21,21
901,1920,64.0,3,overlapping,45.319543840357866,1.627911609626281,41,41
901,1920,64.0,4,non_overlapping,45.414600307743726,1.6495312473981494,16,16
901,1920,64.0,4,overlapping,45.526494050398945,1.740042501392679,31,31
901,1920,64.0,5,non_overlapping,45.83729599454889,1.0418028002447994,12,12
901,1920,64.0,5,overlapping,45.41651423081103,1.3475522734249703,24,24
902,160,5.3,3,non_overlapping,43.90243902439024,0.0,1,1
902,160,5.3,3,overlapping,45.0281425891182,1.1257035647279565,2,2
902,160,5.3,4,non_overlapping,45.0281425891182,0.0,1,1
902,160,5.3,4,overlapping,45.0281425891182,0.0,1,1
902,160,5.3,5,non_overlapping,46.23497794229502,0.0,1,1
902,160,5.3,5,overlapping,46.23497794229502,0.0,1,1
902,320,10.7,3,non_overlapping,48.04937975669683,3.1697642461740902,3,3
902,320,10.7,3,overlapping,48.28984861719136,2.732792125065468,6,6
902,320,10.7,4,non_overlapping,46.518338719879154,1.4901961307609604,2,2
902,320,10.7,4,overlapping,47.99470409547431,2.33068201964252,4,4
902,320,10.7,5,non_overlapping,48.88793474159327,2.6529567992982557,2,2
902,320,10.7,5,overlapping,48.66592519994317,2.188765936731459,3,3
902,480,16.0,3,non_overlapping,50.07528409566472,7.927355208768507,5,5
902,480,16.0,3,overlapping,50.56965063000021,6.798843026773082,9,9
902,480,16.0,4,non_overlapping,50.82068206980834,7.454062132707244,4,4
902,480,16.0,4,overlapping,51.626335711427565,6.540592553363426,7,7
902,480,16.0,5,non_overlapping,53.14591562594085,6.3994470288898695,3,3
902,480,16.0,5,overlapping,51.50119970188314,5.3752459857657895,5,5
902,1920,64.0,3,non_overlapping,52.907685584835995,5.769334052814566,21,21
902,1920,64.0,3,overlapping,53.509210631293485,6.939477108656519,41,41
902,1920,64.0,4,non_overlapping,56.37159494100772,11.458752033632429,16,16
902,1920,64.0,4,overlapping,55.33653717699744,9.229733804719588,31,31
902,1920,64.0,5,non_overlapping,55.24817543263857,6.785969337182626,12,12
902,1920,64.0,5,overlapping,54.97862873867579,6.406452909729314,24,24
903,160,5.3,3,non_overlapping,52.44932432432432,0.0,1,1
903,160,5.3,3,overlapping,54.34966216216216,1.9003378378378386,2,2
903,160,5.3,4,non_overlapping,53.71621621621622,0.0,1,1
903,160,5.3,4,overlapping,53.71621621621622,0.0,1,1
903,160,5.3,5,non_overlapping,53.52245627980922,0.0,1,1
903,160,5.3,5,overlapping,53.52245627980922,0.0,1,1
903,320,10.7,3,non_overlapping,51.346383147853736,1.9181255093792495,3,3
903,320,10.7,3,overlapping,51.05103652414024,3.1000443742049577,6,6
903,320,10.7,4,non_overlapping,51.182432432432435,2.533783783783786,2,2
903,320,10.7,4,overlapping,51.29558980420049,2.8811130993020693,4,4
903,320,10.7,5,non_overlapping,50.87218119822609,2.6502750815831284,2,2
903,320,10.7,5,overlapping,51.12216027947452,2.1926280473814805,3,3
903,480,16.0,3,non_overlapping,56.53859911948147,13.219321966981003,5,5
903,480,16.0,3,overlapping,55.89299870840118,11.301724847340857,9,9
903,480,16.0,4,non_overlapping,54.827046175730395,9.610281340635929,4,4
903,480,16.0,4,overlapping,55.74322887596882,9.124495919370789,7,7
903,480,16.0,5,non_overlapping,54.171197721894316,5.142923168676769,3,3
903,480,16.0,5,overlapping,56.985037058372974,8.030260496823164,5,5
903,1920,64.0,3,non_overlapping,50.1398305482076,7.585725372434687,21,21
903,1920,64.0,3,overlapping,49.87109337775891,6.38617604087143,41,41
903,1920,64.0,4,non_overlapping,49.664304179106814,5.720260481762684,16,16
903,1920,64.0,4,overlapping,49.87675389089112,5.513010427035094,31,31
903,1920,64.0,5,non_overlapping,49.76941215436398,3.838237350535482,12,12
903,1920,64.0,5,overlapping,49.88273429248479,5.302887173534162,24,24
904,160,5.3,3,non_overlapping,62.06896551724138,0.0,1,1
904,160,5.3,3,overlapping,57.90614051263138,4.162825004609996,2,2
904,160,5.3,4,non_overlapping,58.307210031347964,0.0,1,1
904,160,5.3,4,overlapping,58.307210031347964,0.0,1,1
904,160,5.3,5,non_overlapping,56.51853217776139,0.0,1,1
904,160,5.3,5,overlapping,56.51853217776139,0.0,1,1
904,320,10.7,3,non_overlapping,54.287959358953266,5.511564455509153,3,3
904,320,10.7,3,overlapping,52.65525298486759,4.443319944275984,6,6
904,320,10.7,4,non_overlapping,53.92837979044876,4.378830240899209,2,2
904,320,10.7,4,overlapping,51.99399911621007,3.6877139872688085,4,4
904,320,10.7,5,non_overlapping,53.03404086365546,3.48449131410592,2,2
904,320,10.7,5,overlapping,52.19934114457441,3.0802435597618567,3,3
904,480,16.0,3,non_overlapping,63.66614170873805,22.102518427618232,5,5
904,480,16.0,3,overlapping,57.57327577547499,17.90466233706046,9,9
904,480,16.0,4,non_overlapping,65.67086906242986,24.078931734978593,4,4
904,480,16.0,4,overlapping,64.07460810684896,21.35347555771424,7,7
904,480,16.0,5,non_overlapping,60.839967200061146,11.399974784365533,3,3
904,480,16.0,5,overlapping,62.092640328201334,12.353187805538468,5,5
904,1920,64.0,3,non_overlapping,52.25685074241371,15.052785846374146,21,21
904,1920,64.0,3,overlapping,50.71046093015917,11.847294101300486,41,41
904,1920,64.0,4,non_overlapping,52.961846546654364,15.464126764529361,16,16
904,1920,64.0,4,overlapping,52.277911147478896,13.545272458262957,31,31
904,1920,64.0,5,non_overlapping,52.40042466844785,10.341017308550201,12,12
904,1920,64.0,5,overlapping,51.340164156833566,9.48751895977189,24,24
905,160,5.3,3,non_overlapping,48.07692307692308,0.0,1,1
905,160,5.3,3,overlapping,49.03846153846154,0.9615384615384599,2,2
905,160,5.3,4,non_overlapping,48.71794871794872,0.0,1,1
905,160,5.3,4,overlapping,48.71794871794872,0.0,1,1
905,160,5.3,5,non_overlapping,48.71794871794872,0.0,1,1
905,160,5.3,5,overlapping,48.71794871794872,0.0,1,1
905,320,10.7,3,non_overlapping,48.458073458073464,0.2695140191632687,3,3
905,320,10.7,3,overlapping,47.397534897534904,2.328335804672741,6,6
905,320,10.7,4,non_overlapping,47.235422235422234,1.4825264825264846,2,2
905,320,10.7,4,overlapping,47.79910404910406,1.3707507721247751,4,4
905,320,10.7,5,non_overlapping,47.30224730224731,1.4157014157014167,2,2
905,320,10.7,5,overlapping,47.25769725769726,1.157631092022909,3,3
905,480,16.0,3,non_overlapping,65.997920997921,36.243398932532784,5,5
905,480,16.0,3,overlapping,57.5205338363233,28.686245172852935,9,9
905,480,16.0,4,non_overlapping,58.38491759544391,19.614314043476487,4,4
905,480,16.0,4,overlapping,58.41074694458154,17.528219554446554,7,7
905,480,16.0,5,non_overlapping,55.03348200716622,10.994549579558257,3,3
905,480,16.0,5,overlapping,56.4922701764807,11.3458931462789,5,5
905,1920,64.0,3,non_overlapping,52.6165397405999,19.335820551453374,21,21
905,1920,64.0,3,overlapping,50.593377672589334,14.66093413229297,41,41
905,1920,64.0,4,non_overlapping,51.724893845636885,12.320335726079534,16,16
905,1920,64.0,4,overlapping,51.367549414088934,10.891759650629337,31,31
905,1920,64.0,5,non_overlapping,50.925043604997164,8.079946054502784,12,12
905,1920,64.0,5,overlapping,50.92077205467299,8.14828245462619,24,24
906,160,5.3,3,non_overlapping,46.15384615384615,0.0,1,1
906,160,5.3,3,overlapping,46.16902834008097,0.015182186234820705,2,2
906,160,5.3,4,non_overlapping,45.57692307692308,0.0,1,1
906,160,5.3,4,overlapping,45.57692307692308,0.0,1,1
906,160,5.3,5,non_overlapping,46.174089068825914,0.0,1,1
906,160,5.3,5,overlapping,46.174089068825914,0.0,1,1
906,320,10.7,3,non_overlapping,47.39030528504213,1.018616402034097,3,3
906,320,10.7,3,overlapping,47.18199474778422,0.8473488901829966,6,6
906,320,10.7,4,non_overlapping,46.47267206477733,0.895748987854251,2,2
906,320,10.7,4,overlapping,47.080575008206594,0.9066131052168995,4,4
906,320,10.7,5,non_overlapping,46.98462632673159,0.8105372579056791,2,2
906,320,10.7,5,overlapping,47.11255790203159,0.6860855681956264,3,3
906,480,16.0,3,non_overlapping,51.235341472183585,7.121543401318643,5,5
906,480,16.0,3,overlapping,51.515457041772834,7.764375849681693,9,9
906,480,16.0,4,non_overlapping,51.73778390883654,7.938470141940709,4,4
906,480,16.0,4,overlapping,51.8436014300676,7.202492794339244,7,7
906,480,16.0,5,non_overlapping,51.515457041772834,6.4416484200622985,3,3
906,480,16.0,5,overlapping,52.25513888671784,6.332420943736716,5,5
906,1920,64.0,3,non_overlapping,49.20842907685013,3.879317492641815,21,21
906,1920,64.0,3,overlapping,50.59436850836081,8.772976993202438,41,41
906,1920,64.0,4,non_overlapping,51.512042515331984,8.868036618016582,16,16
906,1920,64.0,4,overlapping,51.60996263712734,8.943389422796386,31,31
906,1920,64.0,5,non_overlapping,52.28525879841669,9.502268548722792,12,12
906,1920,64.0,5,overlapping,52.302503486714016,9.684116735661327,24,24
